Pop,x2.Out.of.HWE,x2.fdr.Out.of.HWE,MC.Out.of.HWE,MC.fdr.Out.of.HWE
AC,0,0,0,0
AL,0.3,0.1,0.3,0.2
BB_A,0.1,0,0,0
BB_B,0,0,0.1,0
BWK1,0,0,0,0
BWK2,0,0,0,0
EF,0,0,0,0
FMC1,0.1,0,0,0
FMC2,0,0,0,0
GM,0,0,0,0
GWP,0.1,0,0.1,0
HCK1,0,0,0,0
HCK2,0,0,0,0
LC,0,0,0,0
LSP,0.3,0.1,0.2,0.1
MF,0,0,0,0
MWC,0.1,0,0,0
NC,0.1,0,0,0
OJ,0,0,0,0
PB,0,0,0,0
PL,0,0,0,0
POR1,0,0,0,0
POR2,0,0,0,0
PR,0,0,0,0
PTR_A,0.1,0,0.1,0
PTR_B,0.2,0.1,0.1,0.1
SHC,0,0,0,0
SJR,0.2,0,0.2,0
SL,0,0,0,0
SWP,0,0,0.1,0
TC,0.2,0,0,0
TL,0,0,0,0
WF1,0,0,0,0
WF2,0,0,0,0
WSP1,0,0,0,0
WSP2,0.1,0,0,0
