ToPop,FromPop,WaterDist,ToOrderPop,ToTide,FromOrderPop,FromTide
AL,AC,181.2,33,Tidal,16,Nontidal
BB_A,AC,158.7,29,Tidal,16,Nontidal
BB_B,AC,157.6,30,Tidal,16,Nontidal
BWK1,AC,24.9,17,Nontidal,16,Nontidal
BWK2,AC,24.6,18,Nontidal,16,Nontidal
EF,AC,61.9,23,Nontidal,16,Nontidal
FMC1,AC,123,3,Nontidal,16,Nontidal
FMC2,AC,122.3,4,Nontidal,16,Nontidal
GM,AC,147.9,28,Tidal,16,Nontidal
GWP,AC,131.9,25,Tidal,16,Nontidal
HCK1,AC,95.3,7,Nontidal,16,Nontidal
HCK2,AC,94.8,8,Nontidal,16,Nontidal
LC,AC,81.8,9,Nontidal,16,Nontidal
LSP,AC,160.2,31,Tidal,16,Nontidal
MF,AC,71.4,10,Nontidal,16,Nontidal
MWC,AC,160.7,32,Tidal,16,Nontidal
NC,AC,203.6,34,Tidal,16,Nontidal
OJ,AC,34.4,13,Nontidal,16,Nontidal
PB,AC,146.3,27,Tidal,16,Nontidal
PL,AC,80.8,24,Nontidal,16,Nontidal
POR1,AC,34.2,19,Nontidal,16,Nontidal
POR2,AC,34.6,20,Nontidal,16,Nontidal
PR,AC,159.3,2,Nontidal,16,Nontidal
PTR_A,AC,210.6,35,Tidal,16,Nontidal
PTR_B,AC,209.2,36,Tidal,16,Nontidal
SHC,AC,114.6,5,Nontidal,16,Nontidal
SJR,AC,104.9,6,Nontidal,16,Nontidal
SL,AC,11.9,15,Nontidal,16,Nontidal
SWP,AC,140.1,26,Tidal,16,Nontidal
TC,AC,168.1,1,Nontidal,16,Nontidal
TL,AC,18.5,14,Nontidal,16,Nontidal
WF1,AC,54.2,22,Nontidal,16,Nontidal
WF2,AC,54.1,21,Nontidal,16,Nontidal
WSP1,AC,49.6,11,Nontidal,16,Nontidal
WSP2,AC,49.4,12,Nontidal,16,Nontidal
AC,AL,181.2,16,Nontidal,33,Tidal
BB_A,AL,33.3,29,Tidal,33,Tidal
BB_B,AL,32.3,30,Tidal,33,Tidal
BWK1,AL,156.3,17,Nontidal,33,Tidal
BWK2,AL,156.6,18,Nontidal,33,Tidal
EF,AL,119.4,23,Nontidal,33,Tidal
FMC1,AL,304.2,3,Nontidal,33,Tidal
FMC2,AL,303.5,4,Nontidal,33,Tidal
GM,AL,33.6,28,Tidal,33,Tidal
GWP,AL,49.2,25,Tidal,33,Tidal
HCK1,AL,276.5,7,Nontidal,33,Tidal
HCK2,AL,276,8,Nontidal,33,Tidal
LC,AL,263,9,Nontidal,33,Tidal
LSP,AL,24.1,31,Tidal,33,Tidal
MF,AL,252.5,10,Nontidal,33,Tidal
MWC,AL,26.9,32,Tidal,33,Tidal
NC,AL,29.1,34,Tidal,33,Tidal
OJ,AL,215.6,13,Nontidal,33,Tidal
PB,AL,40.6,27,Tidal,33,Tidal
PL,AL,100.7,24,Nontidal,33,Tidal
POR1,AL,147,19,Nontidal,33,Tidal
POR2,AL,146.6,20,Nontidal,33,Tidal
PR,AL,340.5,2,Nontidal,33,Tidal
PTR_A,AL,36.2,35,Tidal,33,Tidal
PTR_B,AL,34.7,36,Tidal,33,Tidal
SHC,AL,295.7,5,Nontidal,33,Tidal
SJR,AL,286.1,6,Nontidal,33,Tidal
SL,AL,193.1,15,Nontidal,33,Tidal
SWP,AL,41.1,26,Tidal,33,Tidal
TC,AL,349.2,1,Nontidal,33,Tidal
TL,AL,199.7,14,Nontidal,33,Tidal
WF1,AL,127,22,Nontidal,33,Tidal
WF2,AL,127.1,21,Nontidal,33,Tidal
WSP1,AL,230.7,11,Nontidal,33,Tidal
WSP2,AL,230.5,12,Nontidal,33,Tidal
AC,BB_A,158.7,16,Nontidal,29,Tidal
AL,BB_A,33.3,33,Tidal,29,Tidal
BB_B,BB_A,1.1,30,Tidal,29,Tidal
BWK1,BB_A,133.8,17,Nontidal,29,Tidal
BWK2,BB_A,134.1,18,Nontidal,29,Tidal
EF,BB_A,96.9,23,Nontidal,29,Tidal
FMC1,BB_A,281.7,3,Nontidal,29,Tidal
FMC2,BB_A,281,4,Nontidal,29,Tidal
GM,BB_A,10.9,28,Tidal,29,Tidal
GWP,BB_A,26.7,25,Tidal,29,Tidal
HCK1,BB_A,254,7,Nontidal,29,Tidal
HCK2,BB_A,253.5,8,Nontidal,29,Tidal
LC,BB_A,240.5,9,Nontidal,29,Tidal
LSP,BB_A,9.6,31,Tidal,29,Tidal
MF,BB_A,230.1,10,Nontidal,29,Tidal
MWC,BB_A,13.6,32,Tidal,29,Tidal
NC,BB_A,55.7,34,Tidal,29,Tidal
OJ,BB_A,193.1,13,Nontidal,29,Tidal
PB,BB_A,18.2,27,Tidal,29,Tidal
PL,BB_A,78.2,24,Nontidal,29,Tidal
POR1,BB_A,124.5,19,Nontidal,29,Tidal
POR2,BB_A,124.1,20,Nontidal,29,Tidal
PR,BB_A,318,2,Nontidal,29,Tidal
PTR_A,BB_A,62.7,35,Tidal,29,Tidal
PTR_B,BB_A,61.3,36,Tidal,29,Tidal
SHC,BB_A,273.2,5,Nontidal,29,Tidal
SJR,BB_A,263.6,6,Nontidal,29,Tidal
SL,BB_A,170.6,15,Nontidal,29,Tidal
SWP,BB_A,18.6,26,Tidal,29,Tidal
TC,BB_A,326.7,1,Nontidal,29,Tidal
TL,BB_A,177.2,14,Nontidal,29,Tidal
WF1,BB_A,104.5,22,Nontidal,29,Tidal
WF2,BB_A,104.6,21,Nontidal,29,Tidal
WSP1,BB_A,208.2,11,Nontidal,29,Tidal
WSP2,BB_A,208.1,12,Nontidal,29,Tidal
AC,BB_B,157.6,16,Nontidal,30,Tidal
AL,BB_B,32.3,33,Tidal,30,Tidal
BB_A,BB_B,1.1,29,Tidal,30,Tidal
BWK1,BB_B,132.7,17,Nontidal,30,Tidal
BWK2,BB_B,133,18,Nontidal,30,Tidal
EF,BB_B,95.9,23,Nontidal,30,Tidal
FMC1,BB_B,280.6,3,Nontidal,30,Tidal
FMC2,BB_B,279.9,4,Nontidal,30,Tidal
GM,BB_B,9.8,28,Tidal,30,Tidal
GWP,BB_B,25.7,25,Tidal,30,Tidal
HCK1,BB_B,252.9,7,Nontidal,30,Tidal
HCK2,BB_B,252.4,8,Nontidal,30,Tidal
LC,BB_B,239.5,9,Nontidal,30,Tidal
LSP,BB_B,8.6,31,Tidal,30,Tidal
MF,BB_B,229,10,Nontidal,30,Tidal
MWC,BB_B,12.5,32,Tidal,30,Tidal
NC,BB_B,54.7,34,Tidal,30,Tidal
OJ,BB_B,192,13,Nontidal,30,Tidal
PB,BB_B,17.1,27,Tidal,30,Tidal
PL,BB_B,77.2,24,Nontidal,30,Tidal
POR1,BB_B,123.4,19,Nontidal,30,Tidal
POR2,BB_B,123,20,Nontidal,30,Tidal
PR,BB_B,316.9,2,Nontidal,30,Tidal
PTR_A,BB_B,61.7,35,Tidal,30,Tidal
PTR_B,BB_B,60.3,36,Tidal,30,Tidal
SHC,BB_B,272.2,5,Nontidal,30,Tidal
SJR,BB_B,262.5,6,Nontidal,30,Tidal
SL,BB_B,169.5,15,Nontidal,30,Tidal
SWP,BB_B,17.5,26,Tidal,30,Tidal
TC,BB_B,325.7,1,Nontidal,30,Tidal
TL,BB_B,176.2,14,Nontidal,30,Tidal
WF1,BB_B,103.5,22,Nontidal,30,Tidal
WF2,BB_B,103.5,21,Nontidal,30,Tidal
WSP1,BB_B,207.2,11,Nontidal,30,Tidal
WSP2,BB_B,207,12,Nontidal,30,Tidal
AC,BWK1,24.9,16,Nontidal,17,Nontidal
AL,BWK1,156.3,33,Tidal,17,Nontidal
BB_A,BWK1,133.8,29,Tidal,17,Nontidal
BB_B,BWK1,132.7,30,Tidal,17,Nontidal
BWK2,BWK1,0.3,18,Nontidal,17,Nontidal
EF,BWK1,37.1,23,Nontidal,17,Nontidal
FMC1,BWK1,147.9,3,Nontidal,17,Nontidal
FMC2,BWK1,147.2,4,Nontidal,17,Nontidal
GM,BWK1,123,28,Tidal,17,Nontidal
GWP,BWK1,107.1,25,Tidal,17,Nontidal
HCK1,BWK1,120.2,7,Nontidal,17,Nontidal
HCK2,BWK1,119.7,8,Nontidal,17,Nontidal
LC,BWK1,106.7,9,Nontidal,17,Nontidal
LSP,BWK1,135.3,31,Tidal,17,Nontidal
MF,BWK1,96.3,10,Nontidal,17,Nontidal
MWC,BWK1,135.9,32,Tidal,17,Nontidal
NC,BWK1,178.7,34,Tidal,17,Nontidal
OJ,BWK1,59.3,13,Nontidal,17,Nontidal
PB,BWK1,121.4,27,Tidal,17,Nontidal
PL,BWK1,56,24,Nontidal,17,Nontidal
POR1,BWK1,9.3,19,Nontidal,17,Nontidal
POR2,BWK1,9.7,20,Nontidal,17,Nontidal
PR,BWK1,184.2,2,Nontidal,17,Nontidal
PTR_A,BWK1,185.8,35,Tidal,17,Nontidal
PTR_B,BWK1,184.3,36,Tidal,17,Nontidal
SHC,BWK1,139.4,5,Nontidal,17,Nontidal
SJR,BWK1,129.8,6,Nontidal,17,Nontidal
SL,BWK1,36.8,15,Nontidal,17,Nontidal
SWP,BWK1,115.2,26,Tidal,17,Nontidal
TC,BWK1,192.9,1,Nontidal,17,Nontidal
TL,BWK1,43.4,14,Nontidal,17,Nontidal
WF1,BWK1,29.3,22,Nontidal,17,Nontidal
WF2,BWK1,29.2,21,Nontidal,17,Nontidal
WSP1,BWK1,74.4,11,Nontidal,17,Nontidal
WSP2,BWK1,74.3,12,Nontidal,17,Nontidal
AC,BWK2,24.6,16,Nontidal,18,Nontidal
AL,BWK2,156.6,33,Tidal,18,Nontidal
BB_A,BWK2,134.1,29,Tidal,18,Nontidal
BB_B,BWK2,133,30,Tidal,18,Nontidal
BWK1,BWK2,0.3,17,Nontidal,18,Nontidal
EF,BWK2,37.4,23,Nontidal,18,Nontidal
FMC1,BWK2,147.6,3,Nontidal,18,Nontidal
FMC2,BWK2,146.9,4,Nontidal,18,Nontidal
GM,BWK2,123.3,28,Tidal,18,Nontidal
GWP,BWK2,107.3,25,Tidal,18,Nontidal
HCK1,BWK2,119.9,7,Nontidal,18,Nontidal
HCK2,BWK2,119.4,8,Nontidal,18,Nontidal
LC,BWK2,106.4,9,Nontidal,18,Nontidal
LSP,BWK2,135.6,31,Tidal,18,Nontidal
MF,BWK2,96,10,Nontidal,18,Nontidal
MWC,BWK2,136.2,32,Tidal,18,Nontidal
NC,BWK2,179,34,Tidal,18,Nontidal
OJ,BWK2,59,13,Nontidal,18,Nontidal
PB,BWK2,121.7,27,Tidal,18,Nontidal
PL,BWK2,56.3,24,Nontidal,18,Nontidal
POR1,BWK2,9.6,19,Nontidal,18,Nontidal
POR2,BWK2,10,20,Nontidal,18,Nontidal
PR,BWK2,183.9,2,Nontidal,18,Nontidal
PTR_A,BWK2,186.1,35,Tidal,18,Nontidal
PTR_B,BWK2,184.6,36,Tidal,18,Nontidal
SHC,BWK2,139.2,5,Nontidal,18,Nontidal
SJR,BWK2,129.5,6,Nontidal,18,Nontidal
SL,BWK2,36.5,15,Nontidal,18,Nontidal
SWP,BWK2,115.5,26,Tidal,18,Nontidal
TC,BWK2,192.6,1,Nontidal,18,Nontidal
TL,BWK2,43.1,14,Nontidal,18,Nontidal
WF1,BWK2,29.6,22,Nontidal,18,Nontidal
WF2,BWK2,29.5,21,Nontidal,18,Nontidal
WSP1,BWK2,74.1,11,Nontidal,18,Nontidal
WSP2,BWK2,74,12,Nontidal,18,Nontidal
AC,EF,61.9,16,Nontidal,23,Nontidal
AL,EF,119.4,33,Tidal,23,Nontidal
BB_A,EF,96.9,29,Tidal,23,Nontidal
BB_B,EF,95.9,30,Tidal,23,Nontidal
BWK1,EF,37.1,17,Nontidal,23,Nontidal
BWK2,EF,37.4,18,Nontidal,23,Nontidal
FMC1,EF,184.9,3,Nontidal,23,Nontidal
FMC2,EF,184.2,4,Nontidal,23,Nontidal
GM,EF,86.2,28,Tidal,23,Nontidal
GWP,EF,70.2,25,Tidal,23,Nontidal
HCK1,EF,157.3,7,Nontidal,23,Nontidal
HCK2,EF,156.7,8,Nontidal,23,Nontidal
LC,EF,143.8,9,Nontidal,23,Nontidal
LSP,EF,98.5,31,Tidal,23,Nontidal
MF,EF,133.3,10,Nontidal,23,Nontidal
MWC,EF,99,32,Tidal,23,Nontidal
NC,EF,141.9,34,Tidal,23,Nontidal
OJ,EF,96.4,13,Nontidal,23,Nontidal
PB,EF,84.6,27,Tidal,23,Nontidal
PL,EF,19.1,24,Nontidal,23,Nontidal
POR1,EF,27.7,19,Nontidal,23,Nontidal
POR2,EF,27.3,20,Nontidal,23,Nontidal
PR,EF,221.2,2,Nontidal,23,Nontidal
PTR_A,EF,148.9,35,Tidal,23,Nontidal
PTR_B,EF,147.5,36,Tidal,23,Nontidal
SHC,EF,176.5,5,Nontidal,23,Nontidal
SJR,EF,166.8,6,Nontidal,23,Nontidal
SL,EF,73.9,15,Nontidal,23,Nontidal
SWP,EF,78.4,26,Tidal,23,Nontidal
TC,EF,230,1,Nontidal,23,Nontidal
TL,EF,80.5,14,Nontidal,23,Nontidal
WF1,EF,7.8,22,Nontidal,23,Nontidal
WF2,EF,7.9,21,Nontidal,23,Nontidal
WSP1,EF,111.5,11,Nontidal,23,Nontidal
WSP2,EF,111.3,12,Nontidal,23,Nontidal
AC,FMC1,123,16,Nontidal,3,Nontidal
AL,FMC1,304.2,33,Tidal,3,Nontidal
BB_A,FMC1,281.7,29,Tidal,3,Nontidal
BB_B,FMC1,280.6,30,Tidal,3,Nontidal
BWK1,FMC1,147.9,17,Nontidal,3,Nontidal
BWK2,FMC1,147.6,18,Nontidal,3,Nontidal
EF,FMC1,184.9,23,Nontidal,3,Nontidal
FMC2,FMC1,0.8,4,Nontidal,3,Nontidal
GM,FMC1,270.9,28,Tidal,3,Nontidal
GWP,FMC1,254.9,25,Tidal,3,Nontidal
HCK1,FMC1,27.7,7,Nontidal,3,Nontidal
HCK2,FMC1,28.2,8,Nontidal,3,Nontidal
LC,FMC1,41.2,9,Nontidal,3,Nontidal
LSP,FMC1,283.2,31,Tidal,3,Nontidal
MF,FMC1,51.7,10,Nontidal,3,Nontidal
MWC,FMC1,283.8,32,Tidal,3,Nontidal
NC,FMC1,326.6,34,Tidal,3,Nontidal
OJ,FMC1,88.6,13,Nontidal,3,Nontidal
PB,FMC1,269.3,27,Tidal,3,Nontidal
PL,FMC1,203.9,24,Nontidal,3,Nontidal
POR1,FMC1,157.2,19,Nontidal,3,Nontidal
POR2,FMC1,157.6,20,Nontidal,3,Nontidal
PR,FMC1,36.3,2,Nontidal,3,Nontidal
PTR_A,FMC1,333.6,35,Tidal,3,Nontidal
PTR_B,FMC1,332.2,36,Tidal,3,Nontidal
SHC,FMC1,8.4,5,Nontidal,3,Nontidal
SJR,FMC1,18.2,6,Nontidal,3,Nontidal
SL,FMC1,111.2,15,Nontidal,3,Nontidal
SWP,FMC1,263.1,26,Tidal,3,Nontidal
TC,FMC1,45,1,Nontidal,3,Nontidal
TL,FMC1,104.6,14,Nontidal,3,Nontidal
WF1,FMC1,177.2,22,Nontidal,3,Nontidal
WF2,FMC1,177.1,21,Nontidal,3,Nontidal
WSP1,FMC1,73.6,11,Nontidal,3,Nontidal
WSP2,FMC1,73.8,12,Nontidal,3,Nontidal
AC,FMC2,122.3,16,Nontidal,4,Nontidal
AL,FMC2,303.5,33,Tidal,4,Nontidal
BB_A,FMC2,281,29,Tidal,4,Nontidal
BB_B,FMC2,279.9,30,Tidal,4,Nontidal
BWK1,FMC2,147.2,17,Nontidal,4,Nontidal
BWK2,FMC2,146.9,18,Nontidal,4,Nontidal
EF,FMC2,184.2,23,Nontidal,4,Nontidal
FMC1,FMC2,0.8,3,Nontidal,4,Nontidal
GM,FMC2,270.2,28,Tidal,4,Nontidal
GWP,FMC2,254.2,25,Tidal,4,Nontidal
HCK1,FMC2,27,7,Nontidal,4,Nontidal
HCK2,FMC2,27.5,8,Nontidal,4,Nontidal
LC,FMC2,40.5,9,Nontidal,4,Nontidal
LSP,FMC2,282.5,31,Tidal,4,Nontidal
MF,FMC2,51,10,Nontidal,4,Nontidal
MWC,FMC2,283.1,32,Tidal,4,Nontidal
NC,FMC2,325.9,34,Tidal,4,Nontidal
OJ,FMC2,87.9,13,Nontidal,4,Nontidal
PB,FMC2,268.6,27,Tidal,4,Nontidal
PL,FMC2,203.1,24,Nontidal,4,Nontidal
POR1,FMC2,156.5,19,Nontidal,4,Nontidal
POR2,FMC2,156.9,20,Nontidal,4,Nontidal
PR,FMC2,37.1,2,Nontidal,4,Nontidal
PTR_A,FMC2,332.9,35,Tidal,4,Nontidal
PTR_B,FMC2,331.5,36,Tidal,4,Nontidal
SHC,FMC2,7.7,5,Nontidal,4,Nontidal
SJR,FMC2,17.4,6,Nontidal,4,Nontidal
SL,FMC2,110.5,15,Nontidal,4,Nontidal
SWP,FMC2,262.4,26,Tidal,4,Nontidal
TC,FMC2,45.8,1,Nontidal,4,Nontidal
TL,FMC2,103.8,14,Nontidal,4,Nontidal
WF1,FMC2,176.5,22,Nontidal,4,Nontidal
WF2,FMC2,176.4,21,Nontidal,4,Nontidal
WSP1,FMC2,72.9,11,Nontidal,4,Nontidal
WSP2,FMC2,73.1,12,Nontidal,4,Nontidal
AC,GM,147.9,16,Nontidal,28,Tidal
AL,GM,33.6,33,Tidal,28,Tidal
BB_A,GM,10.9,29,Tidal,28,Tidal
BB_B,GM,9.8,30,Tidal,28,Tidal
BWK1,GM,123,17,Nontidal,28,Tidal
BWK2,GM,123.3,18,Nontidal,28,Tidal
EF,GM,86.2,23,Nontidal,28,Tidal
FMC1,GM,270.9,3,Nontidal,28,Tidal
FMC2,GM,270.2,4,Nontidal,28,Tidal
GWP,GM,16,25,Tidal,28,Tidal
HCK1,GM,243.2,7,Nontidal,28,Tidal
HCK2,GM,242.7,8,Nontidal,28,Tidal
LC,GM,229.7,9,Nontidal,28,Tidal
LSP,GM,12.4,31,Tidal,28,Tidal
MF,GM,219.3,10,Nontidal,28,Tidal
MWC,GM,13.2,32,Tidal,28,Tidal
NC,GM,56,34,Tidal,28,Tidal
OJ,GM,182.3,13,Nontidal,28,Tidal
PB,GM,7.4,27,Tidal,28,Tidal
PL,GM,67.4,24,Nontidal,28,Tidal
POR1,GM,113.7,19,Nontidal,28,Tidal
POR2,GM,113.3,20,Nontidal,28,Tidal
PR,GM,307.2,2,Nontidal,28,Tidal
PTR_A,GM,63,35,Tidal,28,Tidal
PTR_B,GM,61.6,36,Tidal,28,Tidal
SHC,GM,262.5,5,Nontidal,28,Tidal
SJR,GM,252.8,6,Nontidal,28,Tidal
SL,GM,159.8,15,Nontidal,28,Tidal
SWP,GM,7.8,26,Tidal,28,Tidal
TC,GM,315.9,1,Nontidal,28,Tidal
TL,GM,166.4,14,Nontidal,28,Tidal
WF1,GM,93.7,22,Nontidal,28,Tidal
WF2,GM,93.8,21,Nontidal,28,Tidal
WSP1,GM,197.5,11,Nontidal,28,Tidal
WSP2,GM,197.3,12,Nontidal,28,Tidal
AC,GWP,131.9,16,Nontidal,25,Tidal
AL,GWP,49.2,33,Tidal,25,Tidal
BB_A,GWP,26.7,29,Tidal,25,Tidal
BB_B,GWP,25.7,30,Tidal,25,Tidal
BWK1,GWP,107.1,17,Nontidal,25,Tidal
BWK2,GWP,107.3,18,Nontidal,25,Tidal
EF,GWP,70.2,23,Nontidal,25,Tidal
FMC1,GWP,254.9,3,Nontidal,25,Tidal
FMC2,GWP,254.2,4,Nontidal,25,Tidal
GM,GWP,16,28,Tidal,25,Tidal
HCK1,GWP,227.2,7,Nontidal,25,Tidal
HCK2,GWP,226.7,8,Nontidal,25,Tidal
LC,GWP,213.8,9,Nontidal,25,Tidal
LSP,GWP,28.3,31,Tidal,25,Tidal
MF,GWP,203.3,10,Nontidal,25,Tidal
MWC,GWP,28.8,32,Tidal,25,Tidal
NC,GWP,71.7,34,Tidal,25,Tidal
OJ,GWP,166.3,13,Nontidal,25,Tidal
PB,GWP,14.4,27,Tidal,25,Tidal
PL,GWP,51.5,24,Nontidal,25,Tidal
POR1,GWP,97.7,19,Nontidal,25,Tidal
POR2,GWP,97.3,20,Nontidal,25,Tidal
PR,GWP,291.2,2,Nontidal,25,Tidal
PTR_A,GWP,78.7,35,Tidal,25,Tidal
PTR_B,GWP,77.3,36,Tidal,25,Tidal
SHC,GWP,246.5,5,Nontidal,25,Tidal
SJR,GWP,236.8,6,Nontidal,25,Tidal
SL,GWP,143.8,15,Nontidal,25,Tidal
SWP,GWP,8.2,26,Tidal,25,Tidal
TC,GWP,300,1,Nontidal,25,Tidal
TL,GWP,150.5,14,Nontidal,25,Tidal
WF1,GWP,77.8,22,Nontidal,25,Tidal
WF2,GWP,77.9,21,Nontidal,25,Tidal
WSP1,GWP,181.5,11,Nontidal,25,Tidal
WSP2,GWP,181.3,12,Nontidal,25,Tidal
AC,HCK1,95.3,16,Nontidal,7,Nontidal
AL,HCK1,276.5,33,Tidal,7,Nontidal
BB_A,HCK1,254,29,Tidal,7,Nontidal
BB_B,HCK1,252.9,30,Tidal,7,Nontidal
BWK1,HCK1,120.2,17,Nontidal,7,Nontidal
BWK2,HCK1,119.9,18,Nontidal,7,Nontidal
EF,HCK1,157.3,23,Nontidal,7,Nontidal
FMC1,HCK1,27.7,3,Nontidal,7,Nontidal
FMC2,HCK1,27,4,Nontidal,7,Nontidal
GM,HCK1,243.2,28,Tidal,7,Nontidal
GWP,HCK1,227.2,25,Tidal,7,Nontidal
HCK2,HCK1,0.5,8,Nontidal,7,Nontidal
LC,HCK1,13.5,9,Nontidal,7,Nontidal
LSP,HCK1,255.5,31,Tidal,7,Nontidal
MF,HCK1,24,10,Nontidal,7,Nontidal
MWC,HCK1,256.1,32,Tidal,7,Nontidal
NC,HCK1,298.9,34,Tidal,7,Nontidal
OJ,HCK1,60.9,13,Nontidal,7,Nontidal
PB,HCK1,241.6,27,Tidal,7,Nontidal
PL,HCK1,176.2,24,Nontidal,7,Nontidal
POR1,HCK1,129.5,19,Nontidal,7,Nontidal
POR2,HCK1,129.9,20,Nontidal,7,Nontidal
PR,HCK1,64,2,Nontidal,7,Nontidal
PTR_A,HCK1,306,35,Tidal,7,Nontidal
PTR_B,HCK1,304.5,36,Tidal,7,Nontidal
SHC,HCK1,19.3,5,Nontidal,7,Nontidal
SJR,HCK1,9.6,6,Nontidal,7,Nontidal
SL,HCK1,83.5,15,Nontidal,7,Nontidal
SWP,HCK1,235.4,26,Tidal,7,Nontidal
TC,HCK1,72.8,1,Nontidal,7,Nontidal
TL,HCK1,76.9,14,Nontidal,7,Nontidal
WF1,HCK1,149.5,22,Nontidal,7,Nontidal
WF2,HCK1,149.4,21,Nontidal,7,Nontidal
WSP1,HCK1,45.9,11,Nontidal,7,Nontidal
WSP2,HCK1,46.1,12,Nontidal,7,Nontidal
AC,HCK2,94.8,16,Nontidal,8,Nontidal
AL,HCK2,276,33,Tidal,8,Nontidal
BB_A,HCK2,253.5,29,Tidal,8,Nontidal
BB_B,HCK2,252.4,30,Tidal,8,Nontidal
BWK1,HCK2,119.7,17,Nontidal,8,Nontidal
BWK2,HCK2,119.4,18,Nontidal,8,Nontidal
EF,HCK2,156.7,23,Nontidal,8,Nontidal
FMC1,HCK2,28.2,3,Nontidal,8,Nontidal
FMC2,HCK2,27.5,4,Nontidal,8,Nontidal
GM,HCK2,242.7,28,Tidal,8,Nontidal
GWP,HCK2,226.7,25,Tidal,8,Nontidal
HCK1,HCK2,0.5,7,Nontidal,8,Nontidal
LC,HCK2,13,9,Nontidal,8,Nontidal
LSP,HCK2,255,31,Tidal,8,Nontidal
MF,HCK2,23.5,10,Nontidal,8,Nontidal
MWC,HCK2,255.6,32,Tidal,8,Nontidal
NC,HCK2,298.4,34,Tidal,8,Nontidal
OJ,HCK2,60.4,13,Nontidal,8,Nontidal
PB,HCK2,241.1,27,Tidal,8,Nontidal
PL,HCK2,175.6,24,Nontidal,8,Nontidal
POR1,HCK2,129,19,Nontidal,8,Nontidal
POR2,HCK2,129.4,20,Nontidal,8,Nontidal
PR,HCK2,64.5,2,Nontidal,8,Nontidal
PTR_A,HCK2,305.4,35,Tidal,8,Nontidal
PTR_B,HCK2,304,36,Tidal,8,Nontidal
SHC,HCK2,19.8,5,Nontidal,8,Nontidal
SJR,HCK2,10.1,6,Nontidal,8,Nontidal
SL,HCK2,83,15,Nontidal,8,Nontidal
SWP,HCK2,234.9,26,Tidal,8,Nontidal
TC,HCK2,73.3,1,Nontidal,8,Nontidal
TL,HCK2,76.3,14,Nontidal,8,Nontidal
WF1,HCK2,149,22,Nontidal,8,Nontidal
WF2,HCK2,148.9,21,Nontidal,8,Nontidal
WSP1,HCK2,45.4,11,Nontidal,8,Nontidal
WSP2,HCK2,45.6,12,Nontidal,8,Nontidal
AC,LC,81.8,16,Nontidal,9,Nontidal
AL,LC,263,33,Tidal,9,Nontidal
BB_A,LC,240.5,29,Tidal,9,Nontidal
BB_B,LC,239.5,30,Tidal,9,Nontidal
BWK1,LC,106.7,17,Nontidal,9,Nontidal
BWK2,LC,106.4,18,Nontidal,9,Nontidal
EF,LC,143.8,23,Nontidal,9,Nontidal
FMC1,LC,41.2,3,Nontidal,9,Nontidal
FMC2,LC,40.5,4,Nontidal,9,Nontidal
GM,LC,229.7,28,Tidal,9,Nontidal
GWP,LC,213.8,25,Tidal,9,Nontidal
HCK1,LC,13.5,7,Nontidal,9,Nontidal
HCK2,LC,13,8,Nontidal,9,Nontidal
LSP,LC,242,31,Tidal,9,Nontidal
MF,LC,10.5,10,Nontidal,9,Nontidal
MWC,LC,242.6,32,Tidal,9,Nontidal
NC,LC,285.5,34,Tidal,9,Nontidal
OJ,LC,47.4,13,Nontidal,9,Nontidal
PB,LC,228.2,27,Tidal,9,Nontidal
PL,LC,162.7,24,Nontidal,9,Nontidal
POR1,LC,116,19,Nontidal,9,Nontidal
POR2,LC,116.5,20,Nontidal,9,Nontidal
PR,LC,77.5,2,Nontidal,9,Nontidal
PTR_A,LC,292.5,35,Tidal,9,Nontidal
PTR_B,LC,291.1,36,Tidal,9,Nontidal
SHC,LC,32.7,5,Nontidal,9,Nontidal
SJR,LC,23.1,6,Nontidal,9,Nontidal
SL,LC,70,15,Nontidal,9,Nontidal
SWP,LC,221.9,26,Tidal,9,Nontidal
TC,LC,86.2,1,Nontidal,9,Nontidal
TL,LC,63.4,14,Nontidal,9,Nontidal
WF1,LC,136,22,Nontidal,9,Nontidal
WF2,LC,135.9,21,Nontidal,9,Nontidal
WSP1,LC,32.4,11,Nontidal,9,Nontidal
WSP2,LC,32.6,12,Nontidal,9,Nontidal
AC,LSP,160.2,16,Nontidal,31,Tidal
AL,LSP,24.1,33,Tidal,31,Tidal
BB_A,LSP,9.6,29,Tidal,31,Tidal
BB_B,LSP,8.6,30,Tidal,31,Tidal
BWK1,LSP,135.3,17,Nontidal,31,Tidal
BWK2,LSP,135.6,18,Nontidal,31,Tidal
EF,LSP,98.5,23,Nontidal,31,Tidal
FMC1,LSP,283.2,3,Nontidal,31,Tidal
FMC2,LSP,282.5,4,Nontidal,31,Tidal
GM,LSP,12.4,28,Tidal,31,Tidal
GWP,LSP,28.3,25,Tidal,31,Tidal
HCK1,LSP,255.5,7,Nontidal,31,Tidal
HCK2,LSP,255,8,Nontidal,31,Tidal
LC,LSP,242,9,Nontidal,31,Tidal
MF,LSP,231.6,10,Nontidal,31,Tidal
MWC,LSP,8.3,32,Tidal,31,Tidal
NC,LSP,46.5,34,Tidal,31,Tidal
OJ,LSP,194.6,13,Nontidal,31,Tidal
PB,LSP,19.7,27,Tidal,31,Tidal
PL,LSP,79.7,24,Nontidal,31,Tidal
POR1,LSP,126,19,Nontidal,31,Tidal
POR2,LSP,125.6,20,Nontidal,31,Tidal
PR,LSP,319.5,2,Nontidal,31,Tidal
PTR_A,LSP,53.5,35,Tidal,31,Tidal
PTR_B,LSP,52.1,36,Tidal,31,Tidal
SHC,LSP,274.8,5,Nontidal,31,Tidal
SJR,LSP,265.1,6,Nontidal,31,Tidal
SL,LSP,172.1,15,Nontidal,31,Tidal
SWP,LSP,20.1,26,Tidal,31,Tidal
TC,LSP,328.3,1,Nontidal,31,Tidal
TL,LSP,178.7,14,Nontidal,31,Tidal
WF1,LSP,106,22,Nontidal,31,Tidal
WF2,LSP,106.1,21,Nontidal,31,Tidal
WSP1,LSP,209.8,11,Nontidal,31,Tidal
WSP2,LSP,209.6,12,Nontidal,31,Tidal
AC,MF,71.4,16,Nontidal,10,Nontidal
AL,MF,252.5,33,Tidal,10,Nontidal
BB_A,MF,230.1,29,Tidal,10,Nontidal
BB_B,MF,229,30,Tidal,10,Nontidal
BWK1,MF,96.3,17,Nontidal,10,Nontidal
BWK2,MF,96,18,Nontidal,10,Nontidal
EF,MF,133.3,23,Nontidal,10,Nontidal
FMC1,MF,51.7,3,Nontidal,10,Nontidal
FMC2,MF,51,4,Nontidal,10,Nontidal
GM,MF,219.3,28,Tidal,10,Nontidal
GWP,MF,203.3,25,Tidal,10,Nontidal
HCK1,MF,24,7,Nontidal,10,Nontidal
HCK2,MF,23.5,8,Nontidal,10,Nontidal
LC,MF,10.5,9,Nontidal,10,Nontidal
LSP,MF,231.6,31,Tidal,10,Nontidal
MWC,MF,232.1,32,Tidal,10,Nontidal
NC,MF,275,34,Tidal,10,Nontidal
OJ,MF,37,13,Nontidal,10,Nontidal
PB,MF,217.7,27,Tidal,10,Nontidal
PL,MF,152.2,24,Nontidal,10,Nontidal
POR1,MF,105.6,19,Nontidal,10,Nontidal
POR2,MF,106,20,Nontidal,10,Nontidal
PR,MF,88,2,Nontidal,10,Nontidal
PTR_A,MF,282,35,Tidal,10,Nontidal
PTR_B,MF,280.6,36,Tidal,10,Nontidal
SHC,MF,43.2,5,Nontidal,10,Nontidal
SJR,MF,33.6,6,Nontidal,10,Nontidal
SL,MF,59.5,15,Nontidal,10,Nontidal
SWP,MF,211.5,26,Tidal,10,Nontidal
TC,MF,96.7,1,Nontidal,10,Nontidal
TL,MF,52.9,14,Nontidal,10,Nontidal
WF1,MF,125.5,22,Nontidal,10,Nontidal
WF2,MF,125.4,21,Nontidal,10,Nontidal
WSP1,MF,22,11,Nontidal,10,Nontidal
WSP2,MF,22.1,12,Nontidal,10,Nontidal
AC,MWC,160.7,16,Nontidal,32,Tidal
AL,MWC,26.9,33,Tidal,32,Tidal
BB_A,MWC,13.6,29,Tidal,32,Tidal
BB_B,MWC,12.5,30,Tidal,32,Tidal
BWK1,MWC,135.9,17,Nontidal,32,Tidal
BWK2,MWC,136.2,18,Nontidal,32,Tidal
EF,MWC,99,23,Nontidal,32,Tidal
FMC1,MWC,283.8,3,Nontidal,32,Tidal
FMC2,MWC,283.1,4,Nontidal,32,Tidal
GM,MWC,13.2,28,Tidal,32,Tidal
GWP,MWC,28.8,25,Tidal,32,Tidal
HCK1,MWC,256.1,7,Nontidal,32,Tidal
HCK2,MWC,255.6,8,Nontidal,32,Tidal
LC,MWC,242.6,9,Nontidal,32,Tidal
LSP,MWC,8.3,31,Tidal,32,Tidal
MF,MWC,232.1,10,Nontidal,32,Tidal
NC,MWC,49.4,34,Tidal,32,Tidal
OJ,MWC,195.2,13,Nontidal,32,Tidal
PB,MWC,20.2,27,Tidal,32,Tidal
PL,MWC,80.3,24,Nontidal,32,Tidal
POR1,MWC,126.5,19,Nontidal,32,Tidal
POR2,MWC,126.1,20,Nontidal,32,Tidal
PR,MWC,320,2,Nontidal,32,Tidal
PTR_A,MWC,56.4,35,Tidal,32,Tidal
PTR_B,MWC,55,36,Tidal,32,Tidal
SHC,MWC,275.3,5,Nontidal,32,Tidal
SJR,MWC,265.7,6,Nontidal,32,Tidal
SL,MWC,172.7,15,Nontidal,32,Tidal
SWP,MWC,20.7,26,Tidal,32,Tidal
TC,MWC,328.8,1,Nontidal,32,Tidal
TL,MWC,179.3,14,Nontidal,32,Tidal
WF1,MWC,106.6,22,Nontidal,32,Tidal
WF2,MWC,106.7,21,Nontidal,32,Tidal
WSP1,MWC,210.3,11,Nontidal,32,Tidal
WSP2,MWC,210.1,12,Nontidal,32,Tidal
AC,NC,203.6,16,Nontidal,34,Tidal
AL,NC,29.1,33,Tidal,34,Tidal
BB_A,NC,55.7,29,Tidal,34,Tidal
BB_B,NC,54.7,30,Tidal,34,Tidal
BWK1,NC,178.7,17,Nontidal,34,Tidal
BWK2,NC,179,18,Nontidal,34,Tidal
EF,NC,141.9,23,Nontidal,34,Tidal
FMC1,NC,326.6,3,Nontidal,34,Tidal
FMC2,NC,325.9,4,Nontidal,34,Tidal
GM,NC,56,28,Tidal,34,Tidal
GWP,NC,71.7,25,Tidal,34,Tidal
HCK1,NC,298.9,7,Nontidal,34,Tidal
HCK2,NC,298.4,8,Nontidal,34,Tidal
LC,NC,285.5,9,Nontidal,34,Tidal
LSP,NC,46.5,31,Tidal,34,Tidal
MF,NC,275,10,Nontidal,34,Tidal
MWC,NC,49.4,32,Tidal,34,Tidal
OJ,NC,238,13,Nontidal,34,Tidal
PB,NC,63.1,27,Tidal,34,Tidal
PL,NC,123.2,24,Nontidal,34,Tidal
POR1,NC,169.4,19,Nontidal,34,Tidal
POR2,NC,169,20,Nontidal,34,Tidal
PR,NC,362.9,2,Nontidal,34,Tidal
PTR_A,NC,22.2,35,Tidal,34,Tidal
PTR_B,NC,20.8,36,Tidal,34,Tidal
SHC,NC,318.2,5,Nontidal,34,Tidal
SJR,NC,308.5,6,Nontidal,34,Tidal
SL,NC,215.5,15,Nontidal,34,Tidal
SWP,NC,63.5,26,Tidal,34,Tidal
TC,NC,371.7,1,Nontidal,34,Tidal
TL,NC,222.2,14,Nontidal,34,Tidal
WF1,NC,149.5,22,Nontidal,34,Tidal
WF2,NC,149.6,21,Nontidal,34,Tidal
WSP1,NC,253.2,11,Nontidal,34,Tidal
WSP2,NC,253,12,Nontidal,34,Tidal
AC,OJ,34.4,16,Nontidal,13,Nontidal
AL,OJ,215.6,33,Tidal,13,Nontidal
BB_A,OJ,193.1,29,Tidal,13,Nontidal
BB_B,OJ,192,30,Tidal,13,Nontidal
BWK1,OJ,59.3,17,Nontidal,13,Nontidal
BWK2,OJ,59,18,Nontidal,13,Nontidal
EF,OJ,96.4,23,Nontidal,13,Nontidal
FMC1,OJ,88.6,3,Nontidal,13,Nontidal
FMC2,OJ,87.9,4,Nontidal,13,Nontidal
GM,OJ,182.3,28,Tidal,13,Nontidal
GWP,OJ,166.3,25,Tidal,13,Nontidal
HCK1,OJ,60.9,7,Nontidal,13,Nontidal
HCK2,OJ,60.4,8,Nontidal,13,Nontidal
LC,OJ,47.4,9,Nontidal,13,Nontidal
LSP,OJ,194.6,31,Tidal,13,Nontidal
MF,OJ,37,10,Nontidal,13,Nontidal
MWC,OJ,195.2,32,Tidal,13,Nontidal
NC,OJ,238,34,Tidal,13,Nontidal
PB,OJ,180.7,27,Tidal,13,Nontidal
PL,OJ,115.3,24,Nontidal,13,Nontidal
POR1,OJ,68.6,19,Nontidal,13,Nontidal
POR2,OJ,69,20,Nontidal,13,Nontidal
PR,OJ,124.9,2,Nontidal,13,Nontidal
PTR_A,OJ,245,35,Tidal,13,Nontidal
PTR_B,OJ,243.6,36,Tidal,13,Nontidal
SHC,OJ,80.2,5,Nontidal,13,Nontidal
SJR,OJ,70.5,6,Nontidal,13,Nontidal
SL,OJ,22.6,15,Nontidal,13,Nontidal
SWP,OJ,174.5,26,Tidal,13,Nontidal
TC,OJ,133.6,1,Nontidal,13,Nontidal
TL,OJ,16,14,Nontidal,13,Nontidal
WF1,OJ,88.6,22,Nontidal,13,Nontidal
WF2,OJ,88.5,21,Nontidal,13,Nontidal
WSP1,OJ,15.1,11,Nontidal,13,Nontidal
WSP2,OJ,15,12,Nontidal,13,Nontidal
AC,PB,146.3,16,Nontidal,27,Tidal
AL,PB,40.6,33,Tidal,27,Tidal
BB_A,PB,18.2,29,Tidal,27,Tidal
BB_B,PB,17.1,30,Tidal,27,Tidal
BWK1,PB,121.4,17,Nontidal,27,Tidal
BWK2,PB,121.7,18,Nontidal,27,Tidal
EF,PB,84.6,23,Nontidal,27,Tidal
FMC1,PB,269.3,3,Nontidal,27,Tidal
FMC2,PB,268.6,4,Nontidal,27,Tidal
GM,PB,7.4,28,Tidal,27,Tidal
GWP,PB,14.4,25,Tidal,27,Tidal
HCK1,PB,241.6,7,Nontidal,27,Tidal
HCK2,PB,241.1,8,Nontidal,27,Tidal
LC,PB,228.2,9,Nontidal,27,Tidal
LSP,PB,19.7,31,Tidal,27,Tidal
MF,PB,217.7,10,Nontidal,27,Tidal
MWC,PB,20.2,32,Tidal,27,Tidal
NC,PB,63.1,34,Tidal,27,Tidal
OJ,PB,180.7,13,Nontidal,27,Tidal
PL,PB,65.9,24,Nontidal,27,Tidal
POR1,PB,112.1,19,Nontidal,27,Tidal
POR2,PB,111.7,20,Nontidal,27,Tidal
PR,PB,305.6,2,Nontidal,27,Tidal
PTR_A,PB,70.1,35,Tidal,27,Tidal
PTR_B,PB,68.7,36,Tidal,27,Tidal
SHC,PB,260.9,5,Nontidal,27,Tidal
SJR,PB,251.2,6,Nontidal,27,Tidal
SL,PB,158.2,15,Nontidal,27,Tidal
SWP,PB,6.2,26,Tidal,27,Tidal
TC,PB,314.4,1,Nontidal,27,Tidal
TL,PB,164.9,14,Nontidal,27,Tidal
WF1,PB,92.2,22,Nontidal,27,Tidal
WF2,PB,92.2,21,Nontidal,27,Tidal
WSP1,PB,195.9,11,Nontidal,27,Tidal
WSP2,PB,195.7,12,Nontidal,27,Tidal
AC,PL,80.8,16,Nontidal,24,Nontidal
AL,PL,100.7,33,Tidal,24,Nontidal
BB_A,PL,78.2,29,Tidal,24,Nontidal
BB_B,PL,77.2,30,Tidal,24,Nontidal
BWK1,PL,56,17,Nontidal,24,Nontidal
BWK2,PL,56.3,18,Nontidal,24,Nontidal
EF,PL,19.1,23,Nontidal,24,Nontidal
FMC1,PL,203.9,3,Nontidal,24,Nontidal
FMC2,PL,203.1,4,Nontidal,24,Nontidal
GM,PL,67.4,28,Tidal,24,Nontidal
GWP,PL,51.5,25,Tidal,24,Nontidal
HCK1,PL,176.2,7,Nontidal,24,Nontidal
HCK2,PL,175.6,8,Nontidal,24,Nontidal
LC,PL,162.7,9,Nontidal,24,Nontidal
LSP,PL,79.7,31,Tidal,24,Nontidal
MF,PL,152.2,10,Nontidal,24,Nontidal
MWC,PL,80.3,32,Tidal,24,Nontidal
NC,PL,123.2,34,Tidal,24,Nontidal
OJ,PL,115.3,13,Nontidal,24,Nontidal
PB,PL,65.9,27,Tidal,24,Nontidal
POR1,PL,46.6,19,Nontidal,24,Nontidal
POR2,PL,46.2,20,Nontidal,24,Nontidal
PR,PL,240.1,2,Nontidal,24,Nontidal
PTR_A,PL,130.2,35,Tidal,24,Nontidal
PTR_B,PL,128.8,36,Tidal,24,Nontidal
SHC,PL,195.4,5,Nontidal,24,Nontidal
SJR,PL,185.7,6,Nontidal,24,Nontidal
SL,PL,92.8,15,Nontidal,24,Nontidal
SWP,PL,59.6,26,Tidal,24,Nontidal
TC,PL,248.9,1,Nontidal,24,Nontidal
TL,PL,99.4,14,Nontidal,24,Nontidal
WF1,PL,26.7,22,Nontidal,24,Nontidal
WF2,PL,26.8,21,Nontidal,24,Nontidal
WSP1,PL,130.4,11,Nontidal,24,Nontidal
WSP2,PL,130.2,12,Nontidal,24,Nontidal
AC,POR1,34.2,16,Nontidal,19,Nontidal
AL,POR1,147,33,Tidal,19,Nontidal
BB_A,POR1,124.5,29,Tidal,19,Nontidal
BB_B,POR1,123.4,30,Tidal,19,Nontidal
BWK1,POR1,9.3,17,Nontidal,19,Nontidal
BWK2,POR1,9.6,18,Nontidal,19,Nontidal
EF,POR1,27.7,23,Nontidal,19,Nontidal
FMC1,POR1,157.2,3,Nontidal,19,Nontidal
FMC2,POR1,156.5,4,Nontidal,19,Nontidal
GM,POR1,113.7,28,Tidal,19,Nontidal
GWP,POR1,97.7,25,Tidal,19,Nontidal
HCK1,POR1,129.5,7,Nontidal,19,Nontidal
HCK2,POR1,129,8,Nontidal,19,Nontidal
LC,POR1,116,9,Nontidal,19,Nontidal
LSP,POR1,126,31,Tidal,19,Nontidal
MF,POR1,105.6,10,Nontidal,19,Nontidal
MWC,POR1,126.5,32,Tidal,19,Nontidal
NC,POR1,169.4,34,Tidal,19,Nontidal
OJ,POR1,68.6,13,Nontidal,19,Nontidal
PB,POR1,112.1,27,Tidal,19,Nontidal
PL,POR1,46.6,24,Nontidal,19,Nontidal
POR2,POR1,0.4,20,Nontidal,19,Nontidal
PR,POR1,193.5,2,Nontidal,19,Nontidal
PTR_A,POR1,176.4,35,Tidal,19,Nontidal
PTR_B,POR1,175,36,Tidal,19,Nontidal
SHC,POR1,148.8,5,Nontidal,19,Nontidal
SJR,POR1,139.1,6,Nontidal,19,Nontidal
SL,POR1,46.1,15,Nontidal,19,Nontidal
SWP,POR1,105.9,26,Tidal,19,Nontidal
TC,POR1,202.3,1,Nontidal,19,Nontidal
TL,POR1,52.7,14,Nontidal,19,Nontidal
WF1,POR1,20,22,Nontidal,19,Nontidal
WF2,POR1,19.9,21,Nontidal,19,Nontidal
WSP1,POR1,83.8,11,Nontidal,19,Nontidal
WSP2,POR1,83.6,12,Nontidal,19,Nontidal
AC,POR2,34.6,16,Nontidal,20,Nontidal
AL,POR2,146.6,33,Tidal,20,Nontidal
BB_A,POR2,124.1,29,Tidal,20,Nontidal
BB_B,POR2,123,30,Tidal,20,Nontidal
BWK1,POR2,9.7,17,Nontidal,20,Nontidal
BWK2,POR2,10,18,Nontidal,20,Nontidal
EF,POR2,27.3,23,Nontidal,20,Nontidal
FMC1,POR2,157.6,3,Nontidal,20,Nontidal
FMC2,POR2,156.9,4,Nontidal,20,Nontidal
GM,POR2,113.3,28,Tidal,20,Nontidal
GWP,POR2,97.3,25,Tidal,20,Nontidal
HCK1,POR2,129.9,7,Nontidal,20,Nontidal
HCK2,POR2,129.4,8,Nontidal,20,Nontidal
LC,POR2,116.5,9,Nontidal,20,Nontidal
LSP,POR2,125.6,31,Tidal,20,Nontidal
MF,POR2,106,10,Nontidal,20,Nontidal
MWC,POR2,126.1,32,Tidal,20,Nontidal
NC,POR2,169,34,Tidal,20,Nontidal
OJ,POR2,69,13,Nontidal,20,Nontidal
PB,POR2,111.7,27,Tidal,20,Nontidal
PL,POR2,46.2,24,Nontidal,20,Nontidal
POR1,POR2,0.4,19,Nontidal,20,Nontidal
PR,POR2,193.9,2,Nontidal,20,Nontidal
PTR_A,POR2,176,35,Tidal,20,Nontidal
PTR_B,POR2,174.6,36,Tidal,20,Nontidal
SHC,POR2,149.2,5,Nontidal,20,Nontidal
SJR,POR2,139.5,6,Nontidal,20,Nontidal
SL,POR2,46.5,15,Nontidal,20,Nontidal
SWP,POR2,105.5,26,Tidal,20,Nontidal
TC,POR2,202.7,1,Nontidal,20,Nontidal
TL,POR2,53.1,14,Nontidal,20,Nontidal
WF1,POR2,19.5,22,Nontidal,20,Nontidal
WF2,POR2,19.5,21,Nontidal,20,Nontidal
WSP1,POR2,84.2,11,Nontidal,20,Nontidal
WSP2,POR2,84,12,Nontidal,20,Nontidal
AC,PR,159.3,16,Nontidal,2,Nontidal
AL,PR,340.5,33,Tidal,2,Nontidal
BB_A,PR,318,29,Tidal,2,Nontidal
BB_B,PR,316.9,30,Tidal,2,Nontidal
BWK1,PR,184.2,17,Nontidal,2,Nontidal
BWK2,PR,183.9,18,Nontidal,2,Nontidal
EF,PR,221.2,23,Nontidal,2,Nontidal
FMC1,PR,36.3,3,Nontidal,2,Nontidal
FMC2,PR,37.1,4,Nontidal,2,Nontidal
GM,PR,307.2,28,Tidal,2,Nontidal
GWP,PR,291.2,25,Tidal,2,Nontidal
HCK1,PR,64,7,Nontidal,2,Nontidal
HCK2,PR,64.5,8,Nontidal,2,Nontidal
LC,PR,77.5,9,Nontidal,2,Nontidal
LSP,PR,319.5,31,Tidal,2,Nontidal
MF,PR,88,10,Nontidal,2,Nontidal
MWC,PR,320,32,Tidal,2,Nontidal
NC,PR,362.9,34,Tidal,2,Nontidal
OJ,PR,124.9,13,Nontidal,2,Nontidal
PB,PR,305.6,27,Tidal,2,Nontidal
PL,PR,240.1,24,Nontidal,2,Nontidal
POR1,PR,193.5,19,Nontidal,2,Nontidal
POR2,PR,193.9,20,Nontidal,2,Nontidal
PTR_A,PR,369.9,35,Tidal,2,Nontidal
PTR_B,PR,368.5,36,Tidal,2,Nontidal
SHC,PR,44.7,5,Nontidal,2,Nontidal
SJR,PR,54.4,6,Nontidal,2,Nontidal
SL,PR,147.5,15,Nontidal,2,Nontidal
SWP,PR,299.4,26,Tidal,2,Nontidal
TC,PR,8.8,1,Nontidal,2,Nontidal
TL,PR,140.8,14,Nontidal,2,Nontidal
WF1,PR,213.5,22,Nontidal,2,Nontidal
WF2,PR,213.4,21,Nontidal,2,Nontidal
WSP1,PR,109.9,11,Nontidal,2,Nontidal
WSP2,PR,110.1,12,Nontidal,2,Nontidal
AC,PTR_A,210.6,16,Nontidal,35,Tidal
AL,PTR_A,36.2,33,Tidal,35,Tidal
BB_A,PTR_A,62.7,29,Tidal,35,Tidal
BB_B,PTR_A,61.7,30,Tidal,35,Tidal
BWK1,PTR_A,185.8,17,Nontidal,35,Tidal
BWK2,PTR_A,186.1,18,Nontidal,35,Tidal
EF,PTR_A,148.9,23,Nontidal,35,Tidal
FMC1,PTR_A,333.6,3,Nontidal,35,Tidal
FMC2,PTR_A,332.9,4,Nontidal,35,Tidal
GM,PTR_A,63,28,Tidal,35,Tidal
GWP,PTR_A,78.7,25,Tidal,35,Tidal
HCK1,PTR_A,306,7,Nontidal,35,Tidal
HCK2,PTR_A,305.4,8,Nontidal,35,Tidal
LC,PTR_A,292.5,9,Nontidal,35,Tidal
LSP,PTR_A,53.5,31,Tidal,35,Tidal
MF,PTR_A,282,10,Nontidal,35,Tidal
MWC,PTR_A,56.4,32,Tidal,35,Tidal
NC,PTR_A,22.2,34,Tidal,35,Tidal
OJ,PTR_A,245,13,Nontidal,35,Tidal
PB,PTR_A,70.1,27,Tidal,35,Tidal
PL,PTR_A,130.2,24,Nontidal,35,Tidal
POR1,PTR_A,176.4,19,Nontidal,35,Tidal
POR2,PTR_A,176,20,Nontidal,35,Tidal
PR,PTR_A,369.9,2,Nontidal,35,Tidal
PTR_B,PTR_A,1.4,36,Tidal,35,Tidal
SHC,PTR_A,325.2,5,Nontidal,35,Tidal
SJR,PTR_A,315.5,6,Nontidal,35,Tidal
SL,PTR_A,222.6,15,Nontidal,35,Tidal
SWP,PTR_A,70.5,26,Tidal,35,Tidal
TC,PTR_A,378.7,1,Nontidal,35,Tidal
TL,PTR_A,229.2,14,Nontidal,35,Tidal
WF1,PTR_A,156.5,22,Nontidal,35,Tidal
WF2,PTR_A,156.6,21,Nontidal,35,Tidal
WSP1,PTR_A,260.2,11,Nontidal,35,Tidal
WSP2,PTR_A,260,12,Nontidal,35,Tidal
AC,PTR_B,209.2,16,Nontidal,36,Tidal
AL,PTR_B,34.7,33,Tidal,36,Tidal
BB_A,PTR_B,61.3,29,Tidal,36,Tidal
BB_B,PTR_B,60.3,30,Tidal,36,Tidal
BWK1,PTR_B,184.3,17,Nontidal,36,Tidal
BWK2,PTR_B,184.6,18,Nontidal,36,Tidal
EF,PTR_B,147.5,23,Nontidal,36,Tidal
FMC1,PTR_B,332.2,3,Nontidal,36,Tidal
FMC2,PTR_B,331.5,4,Nontidal,36,Tidal
GM,PTR_B,61.6,28,Tidal,36,Tidal
GWP,PTR_B,77.3,25,Tidal,36,Tidal
HCK1,PTR_B,304.5,7,Nontidal,36,Tidal
HCK2,PTR_B,304,8,Nontidal,36,Tidal
LC,PTR_B,291.1,9,Nontidal,36,Tidal
LSP,PTR_B,52.1,31,Tidal,36,Tidal
MF,PTR_B,280.6,10,Nontidal,36,Tidal
MWC,PTR_B,55,32,Tidal,36,Tidal
NC,PTR_B,20.8,34,Tidal,36,Tidal
OJ,PTR_B,243.6,13,Nontidal,36,Tidal
PB,PTR_B,68.7,27,Tidal,36,Tidal
PL,PTR_B,128.8,24,Nontidal,36,Tidal
POR1,PTR_B,175,19,Nontidal,36,Tidal
POR2,PTR_B,174.6,20,Nontidal,36,Tidal
PR,PTR_B,368.5,2,Nontidal,36,Tidal
PTR_A,PTR_B,1.4,35,Tidal,36,Tidal
SHC,PTR_B,323.8,5,Nontidal,36,Tidal
SJR,PTR_B,314.1,6,Nontidal,36,Tidal
SL,PTR_B,221.1,15,Nontidal,36,Tidal
SWP,PTR_B,69.1,26,Tidal,36,Tidal
TC,PTR_B,377.3,1,Nontidal,36,Tidal
TL,PTR_B,227.8,14,Nontidal,36,Tidal
WF1,PTR_B,155.1,22,Nontidal,36,Tidal
WF2,PTR_B,155.1,21,Nontidal,36,Tidal
WSP1,PTR_B,258.8,11,Nontidal,36,Tidal
WSP2,PTR_B,258.6,12,Nontidal,36,Tidal
AC,SHC,114.6,16,Nontidal,5,Nontidal
AL,SHC,295.7,33,Tidal,5,Nontidal
BB_A,SHC,273.2,29,Tidal,5,Nontidal
BB_B,SHC,272.2,30,Tidal,5,Nontidal
BWK1,SHC,139.4,17,Nontidal,5,Nontidal
BWK2,SHC,139.2,18,Nontidal,5,Nontidal
EF,SHC,176.5,23,Nontidal,5,Nontidal
FMC1,SHC,8.4,3,Nontidal,5,Nontidal
FMC2,SHC,7.7,4,Nontidal,5,Nontidal
GM,SHC,262.5,28,Tidal,5,Nontidal
GWP,SHC,246.5,25,Tidal,5,Nontidal
HCK1,SHC,19.3,7,Nontidal,5,Nontidal
HCK2,SHC,19.8,8,Nontidal,5,Nontidal
LC,SHC,32.7,9,Nontidal,5,Nontidal
LSP,SHC,274.8,31,Tidal,5,Nontidal
MF,SHC,43.2,10,Nontidal,5,Nontidal
MWC,SHC,275.3,32,Tidal,5,Nontidal
NC,SHC,318.2,34,Tidal,5,Nontidal
OJ,SHC,80.2,13,Nontidal,5,Nontidal
PB,SHC,260.9,27,Tidal,5,Nontidal
PL,SHC,195.4,24,Nontidal,5,Nontidal
POR1,SHC,148.8,19,Nontidal,5,Nontidal
POR2,SHC,149.2,20,Nontidal,5,Nontidal
PR,SHC,44.7,2,Nontidal,5,Nontidal
PTR_A,SHC,325.2,35,Tidal,5,Nontidal
PTR_B,SHC,323.8,36,Tidal,5,Nontidal
SJR,SHC,9.7,6,Nontidal,5,Nontidal
SL,SHC,102.7,15,Nontidal,5,Nontidal
SWP,SHC,254.7,26,Tidal,5,Nontidal
TC,SHC,53.5,1,Nontidal,5,Nontidal
TL,SHC,96.1,14,Nontidal,5,Nontidal
WF1,SHC,168.7,22,Nontidal,5,Nontidal
WF2,SHC,168.6,21,Nontidal,5,Nontidal
WSP1,SHC,65.2,11,Nontidal,5,Nontidal
WSP2,SHC,65.3,12,Nontidal,5,Nontidal
AC,SJR,104.9,16,Nontidal,6,Nontidal
AL,SJR,286.1,33,Tidal,6,Nontidal
BB_A,SJR,263.6,29,Tidal,6,Nontidal
BB_B,SJR,262.5,30,Tidal,6,Nontidal
BWK1,SJR,129.8,17,Nontidal,6,Nontidal
BWK2,SJR,129.5,18,Nontidal,6,Nontidal
EF,SJR,166.8,23,Nontidal,6,Nontidal
FMC1,SJR,18.2,3,Nontidal,6,Nontidal
FMC2,SJR,17.4,4,Nontidal,6,Nontidal
GM,SJR,252.8,28,Tidal,6,Nontidal
GWP,SJR,236.8,25,Tidal,6,Nontidal
HCK1,SJR,9.6,7,Nontidal,6,Nontidal
HCK2,SJR,10.1,8,Nontidal,6,Nontidal
LC,SJR,23.1,9,Nontidal,6,Nontidal
LSP,SJR,265.1,31,Tidal,6,Nontidal
MF,SJR,33.6,10,Nontidal,6,Nontidal
MWC,SJR,265.7,32,Tidal,6,Nontidal
NC,SJR,308.5,34,Tidal,6,Nontidal
OJ,SJR,70.5,13,Nontidal,6,Nontidal
PB,SJR,251.2,27,Tidal,6,Nontidal
PL,SJR,185.7,24,Nontidal,6,Nontidal
POR1,SJR,139.1,19,Nontidal,6,Nontidal
POR2,SJR,139.5,20,Nontidal,6,Nontidal
PR,SJR,54.4,2,Nontidal,6,Nontidal
PTR_A,SJR,315.5,35,Tidal,6,Nontidal
PTR_B,SJR,314.1,36,Tidal,6,Nontidal
SHC,SJR,9.7,5,Nontidal,6,Nontidal
SL,SJR,93.1,15,Nontidal,6,Nontidal
SWP,SJR,245,26,Tidal,6,Nontidal
TC,SJR,63.2,1,Nontidal,6,Nontidal
TL,SJR,86.5,14,Nontidal,6,Nontidal
WF1,SJR,159.1,22,Nontidal,6,Nontidal
WF2,SJR,159,21,Nontidal,6,Nontidal
WSP1,SJR,55.5,11,Nontidal,6,Nontidal
WSP2,SJR,55.7,12,Nontidal,6,Nontidal
AC,SL,11.9,16,Nontidal,15,Nontidal
AL,SL,193.1,33,Tidal,15,Nontidal
BB_A,SL,170.6,29,Tidal,15,Nontidal
BB_B,SL,169.5,30,Tidal,15,Nontidal
BWK1,SL,36.8,17,Nontidal,15,Nontidal
BWK2,SL,36.5,18,Nontidal,15,Nontidal
EF,SL,73.9,23,Nontidal,15,Nontidal
FMC1,SL,111.2,3,Nontidal,15,Nontidal
FMC2,SL,110.5,4,Nontidal,15,Nontidal
GM,SL,159.8,28,Tidal,15,Nontidal
GWP,SL,143.8,25,Tidal,15,Nontidal
HCK1,SL,83.5,7,Nontidal,15,Nontidal
HCK2,SL,83,8,Nontidal,15,Nontidal
LC,SL,70,9,Nontidal,15,Nontidal
LSP,SL,172.1,31,Tidal,15,Nontidal
MF,SL,59.5,10,Nontidal,15,Nontidal
MWC,SL,172.7,32,Tidal,15,Nontidal
NC,SL,215.5,34,Tidal,15,Nontidal
OJ,SL,22.6,13,Nontidal,15,Nontidal
PB,SL,158.2,27,Tidal,15,Nontidal
PL,SL,92.8,24,Nontidal,15,Nontidal
POR1,SL,46.1,19,Nontidal,15,Nontidal
POR2,SL,46.5,20,Nontidal,15,Nontidal
PR,SL,147.5,2,Nontidal,15,Nontidal
PTR_A,SL,222.6,35,Tidal,15,Nontidal
PTR_B,SL,221.1,36,Tidal,15,Nontidal
SHC,SL,102.7,5,Nontidal,15,Nontidal
SJR,SL,93.1,6,Nontidal,15,Nontidal
SWP,SL,152,26,Tidal,15,Nontidal
TC,SL,156.2,1,Nontidal,15,Nontidal
TL,SL,6.7,14,Nontidal,15,Nontidal
WF1,SL,66.1,22,Nontidal,15,Nontidal
WF2,SL,66,21,Nontidal,15,Nontidal
WSP1,SL,37.7,11,Nontidal,15,Nontidal
WSP2,SL,37.5,12,Nontidal,15,Nontidal
AC,SWP,140.1,16,Nontidal,26,Tidal
AL,SWP,41.1,33,Tidal,26,Tidal
BB_A,SWP,18.6,29,Tidal,26,Tidal
BB_B,SWP,17.5,30,Tidal,26,Tidal
BWK1,SWP,115.2,17,Nontidal,26,Tidal
BWK2,SWP,115.5,18,Nontidal,26,Tidal
EF,SWP,78.4,23,Nontidal,26,Tidal
FMC1,SWP,263.1,3,Nontidal,26,Tidal
FMC2,SWP,262.4,4,Nontidal,26,Tidal
GM,SWP,7.8,28,Tidal,26,Tidal
GWP,SWP,8.2,25,Tidal,26,Tidal
HCK1,SWP,235.4,7,Nontidal,26,Tidal
HCK2,SWP,234.9,8,Nontidal,26,Tidal
LC,SWP,221.9,9,Nontidal,26,Tidal
LSP,SWP,20.1,31,Tidal,26,Tidal
MF,SWP,211.5,10,Nontidal,26,Tidal
MWC,SWP,20.7,32,Tidal,26,Tidal
NC,SWP,63.5,34,Tidal,26,Tidal
OJ,SWP,174.5,13,Nontidal,26,Tidal
PB,SWP,6.2,27,Tidal,26,Tidal
PL,SWP,59.6,24,Nontidal,26,Tidal
POR1,SWP,105.9,19,Nontidal,26,Tidal
POR2,SWP,105.5,20,Nontidal,26,Tidal
PR,SWP,299.4,2,Nontidal,26,Tidal
PTR_A,SWP,70.5,35,Tidal,26,Tidal
PTR_B,SWP,69.1,36,Tidal,26,Tidal
SHC,SWP,254.7,5,Nontidal,26,Tidal
SJR,SWP,245,6,Nontidal,26,Tidal
SL,SWP,152,15,Nontidal,26,Tidal
TC,SWP,308.1,1,Nontidal,26,Tidal
TL,SWP,158.6,14,Nontidal,26,Tidal
WF1,SWP,85.9,22,Nontidal,26,Tidal
WF2,SWP,86,21,Nontidal,26,Tidal
WSP1,SWP,189.7,11,Nontidal,26,Tidal
WSP2,SWP,189.5,12,Nontidal,26,Tidal
AC,TC,168.1,16,Nontidal,1,Nontidal
AL,TC,349.2,33,Tidal,1,Nontidal
BB_A,TC,326.7,29,Tidal,1,Nontidal
BB_B,TC,325.7,30,Tidal,1,Nontidal
BWK1,TC,192.9,17,Nontidal,1,Nontidal
BWK2,TC,192.6,18,Nontidal,1,Nontidal
EF,TC,230,23,Nontidal,1,Nontidal
FMC1,TC,45,3,Nontidal,1,Nontidal
FMC2,TC,45.8,4,Nontidal,1,Nontidal
GM,TC,315.9,28,Tidal,1,Nontidal
GWP,TC,300,25,Tidal,1,Nontidal
HCK1,TC,72.8,7,Nontidal,1,Nontidal
HCK2,TC,73.3,8,Nontidal,1,Nontidal
LC,TC,86.2,9,Nontidal,1,Nontidal
LSP,TC,328.3,31,Tidal,1,Nontidal
MF,TC,96.7,10,Nontidal,1,Nontidal
MWC,TC,328.8,32,Tidal,1,Nontidal
NC,TC,371.7,34,Tidal,1,Nontidal
OJ,TC,133.6,13,Nontidal,1,Nontidal
PB,TC,314.4,27,Tidal,1,Nontidal
PL,TC,248.9,24,Nontidal,1,Nontidal
POR1,TC,202.3,19,Nontidal,1,Nontidal
POR2,TC,202.7,20,Nontidal,1,Nontidal
PR,TC,8.8,2,Nontidal,1,Nontidal
PTR_A,TC,378.7,35,Tidal,1,Nontidal
PTR_B,TC,377.3,36,Tidal,1,Nontidal
SHC,TC,53.5,5,Nontidal,1,Nontidal
SJR,TC,63.2,6,Nontidal,1,Nontidal
SL,TC,156.2,15,Nontidal,1,Nontidal
SWP,TC,308.1,26,Tidal,1,Nontidal
TL,TC,149.6,14,Nontidal,1,Nontidal
WF1,TC,222.2,22,Nontidal,1,Nontidal
WF2,TC,222.1,21,Nontidal,1,Nontidal
WSP1,TC,118.7,11,Nontidal,1,Nontidal
WSP2,TC,118.8,12,Nontidal,1,Nontidal
AC,TL,18.5,16,Nontidal,14,Nontidal
AL,TL,199.7,33,Tidal,14,Nontidal
BB_A,TL,177.2,29,Tidal,14,Nontidal
BB_B,TL,176.2,30,Tidal,14,Nontidal
BWK1,TL,43.4,17,Nontidal,14,Nontidal
BWK2,TL,43.1,18,Nontidal,14,Nontidal
EF,TL,80.5,23,Nontidal,14,Nontidal
FMC1,TL,104.6,3,Nontidal,14,Nontidal
FMC2,TL,103.8,4,Nontidal,14,Nontidal
GM,TL,166.4,28,Tidal,14,Nontidal
GWP,TL,150.5,25,Tidal,14,Nontidal
HCK1,TL,76.9,7,Nontidal,14,Nontidal
HCK2,TL,76.3,8,Nontidal,14,Nontidal
LC,TL,63.4,9,Nontidal,14,Nontidal
LSP,TL,178.7,31,Tidal,14,Nontidal
MF,TL,52.9,10,Nontidal,14,Nontidal
MWC,TL,179.3,32,Tidal,14,Nontidal
NC,TL,222.2,34,Tidal,14,Nontidal
OJ,TL,16,13,Nontidal,14,Nontidal
PB,TL,164.9,27,Tidal,14,Nontidal
PL,TL,99.4,24,Nontidal,14,Nontidal
POR1,TL,52.7,19,Nontidal,14,Nontidal
POR2,TL,53.1,20,Nontidal,14,Nontidal
PR,TL,140.8,2,Nontidal,14,Nontidal
PTR_A,TL,229.2,35,Tidal,14,Nontidal
PTR_B,TL,227.8,36,Tidal,14,Nontidal
SHC,TL,96.1,5,Nontidal,14,Nontidal
SJR,TL,86.5,6,Nontidal,14,Nontidal
SL,TL,6.7,15,Nontidal,14,Nontidal
SWP,TL,158.6,26,Tidal,14,Nontidal
TC,TL,149.6,1,Nontidal,14,Nontidal
WF1,TL,72.7,22,Nontidal,14,Nontidal
WF2,TL,72.6,21,Nontidal,14,Nontidal
WSP1,TL,31.1,11,Nontidal,14,Nontidal
WSP2,TL,30.9,12,Nontidal,14,Nontidal
AC,WF1,54.2,16,Nontidal,22,Nontidal
AL,WF1,127,33,Tidal,22,Nontidal
BB_A,WF1,104.5,29,Tidal,22,Nontidal
BB_B,WF1,103.5,30,Tidal,22,Nontidal
BWK1,WF1,29.3,17,Nontidal,22,Nontidal
BWK2,WF1,29.6,18,Nontidal,22,Nontidal
EF,WF1,7.8,23,Nontidal,22,Nontidal
FMC1,WF1,177.2,3,Nontidal,22,Nontidal
FMC2,WF1,176.5,4,Nontidal,22,Nontidal
GM,WF1,93.7,28,Tidal,22,Nontidal
GWP,WF1,77.8,25,Tidal,22,Nontidal
HCK1,WF1,149.5,7,Nontidal,22,Nontidal
HCK2,WF1,149,8,Nontidal,22,Nontidal
LC,WF1,136,9,Nontidal,22,Nontidal
LSP,WF1,106,31,Tidal,22,Nontidal
MF,WF1,125.5,10,Nontidal,22,Nontidal
MWC,WF1,106.6,32,Tidal,22,Nontidal
NC,WF1,149.5,34,Tidal,22,Nontidal
OJ,WF1,88.6,13,Nontidal,22,Nontidal
PB,WF1,92.2,27,Tidal,22,Nontidal
PL,WF1,26.7,24,Nontidal,22,Nontidal
POR1,WF1,20,19,Nontidal,22,Nontidal
POR2,WF1,19.5,20,Nontidal,22,Nontidal
PR,WF1,213.5,2,Nontidal,22,Nontidal
PTR_A,WF1,156.5,35,Tidal,22,Nontidal
PTR_B,WF1,155.1,36,Tidal,22,Nontidal
SHC,WF1,168.7,5,Nontidal,22,Nontidal
SJR,WF1,159.1,6,Nontidal,22,Nontidal
SL,WF1,66.1,15,Nontidal,22,Nontidal
SWP,WF1,85.9,26,Tidal,22,Nontidal
TC,WF1,222.2,1,Nontidal,22,Nontidal
TL,WF1,72.7,14,Nontidal,22,Nontidal
WF2,WF1,0.1,21,Nontidal,22,Nontidal
WSP1,WF1,103.7,11,Nontidal,22,Nontidal
WSP2,WF1,103.5,12,Nontidal,22,Nontidal
AC,WF2,54.1,16,Nontidal,21,Nontidal
AL,WF2,127.1,33,Tidal,21,Nontidal
BB_A,WF2,104.6,29,Tidal,21,Nontidal
BB_B,WF2,103.5,30,Tidal,21,Nontidal
BWK1,WF2,29.2,17,Nontidal,21,Nontidal
BWK2,WF2,29.5,18,Nontidal,21,Nontidal
EF,WF2,7.9,23,Nontidal,21,Nontidal
FMC1,WF2,177.1,3,Nontidal,21,Nontidal
FMC2,WF2,176.4,4,Nontidal,21,Nontidal
GM,WF2,93.8,28,Tidal,21,Nontidal
GWP,WF2,77.9,25,Tidal,21,Nontidal
HCK1,WF2,149.4,7,Nontidal,21,Nontidal
HCK2,WF2,148.9,8,Nontidal,21,Nontidal
LC,WF2,135.9,9,Nontidal,21,Nontidal
LSP,WF2,106.1,31,Tidal,21,Nontidal
MF,WF2,125.4,10,Nontidal,21,Nontidal
MWC,WF2,106.7,32,Tidal,21,Nontidal
NC,WF2,149.6,34,Tidal,21,Nontidal
OJ,WF2,88.5,13,Nontidal,21,Nontidal
PB,WF2,92.2,27,Tidal,21,Nontidal
PL,WF2,26.8,24,Nontidal,21,Nontidal
POR1,WF2,19.9,19,Nontidal,21,Nontidal
POR2,WF2,19.5,20,Nontidal,21,Nontidal
PR,WF2,213.4,2,Nontidal,21,Nontidal
PTR_A,WF2,156.6,35,Tidal,21,Nontidal
PTR_B,WF2,155.1,36,Tidal,21,Nontidal
SHC,WF2,168.6,5,Nontidal,21,Nontidal
SJR,WF2,159,6,Nontidal,21,Nontidal
SL,WF2,66,15,Nontidal,21,Nontidal
SWP,WF2,86,26,Tidal,21,Nontidal
TC,WF2,222.1,1,Nontidal,21,Nontidal
TL,WF2,72.6,14,Nontidal,21,Nontidal
WF1,WF2,0.1,22,Nontidal,21,Nontidal
WSP1,WF2,103.6,11,Nontidal,21,Nontidal
WSP2,WF2,103.4,12,Nontidal,21,Nontidal
AC,WSP1,49.6,16,Nontidal,11,Nontidal
AL,WSP1,230.7,33,Tidal,11,Nontidal
BB_A,WSP1,208.2,29,Tidal,11,Nontidal
BB_B,WSP1,207.2,30,Tidal,11,Nontidal
BWK1,WSP1,74.4,17,Nontidal,11,Nontidal
BWK2,WSP1,74.1,18,Nontidal,11,Nontidal
EF,WSP1,111.5,23,Nontidal,11,Nontidal
FMC1,WSP1,73.6,3,Nontidal,11,Nontidal
FMC2,WSP1,72.9,4,Nontidal,11,Nontidal
GM,WSP1,197.5,28,Tidal,11,Nontidal
GWP,WSP1,181.5,25,Tidal,11,Nontidal
HCK1,WSP1,45.9,7,Nontidal,11,Nontidal
HCK2,WSP1,45.4,8,Nontidal,11,Nontidal
LC,WSP1,32.4,9,Nontidal,11,Nontidal
LSP,WSP1,209.8,31,Tidal,11,Nontidal
MF,WSP1,22,10,Nontidal,11,Nontidal
MWC,WSP1,210.3,32,Tidal,11,Nontidal
NC,WSP1,253.2,34,Tidal,11,Nontidal
OJ,WSP1,15.1,13,Nontidal,11,Nontidal
PB,WSP1,195.9,27,Tidal,11,Nontidal
PL,WSP1,130.4,24,Nontidal,11,Nontidal
POR1,WSP1,83.8,19,Nontidal,11,Nontidal
POR2,WSP1,84.2,20,Nontidal,11,Nontidal
PR,WSP1,109.9,2,Nontidal,11,Nontidal
PTR_A,WSP1,260.2,35,Tidal,11,Nontidal
PTR_B,WSP1,258.8,36,Tidal,11,Nontidal
SHC,WSP1,65.2,5,Nontidal,11,Nontidal
SJR,WSP1,55.5,6,Nontidal,11,Nontidal
SL,WSP1,37.7,15,Nontidal,11,Nontidal
SWP,WSP1,189.7,26,Tidal,11,Nontidal
TC,WSP1,118.7,1,Nontidal,11,Nontidal
TL,WSP1,31.1,14,Nontidal,11,Nontidal
WF1,WSP1,103.7,22,Nontidal,11,Nontidal
WF2,WSP1,103.6,21,Nontidal,11,Nontidal
WSP2,WSP1,0.2,12,Nontidal,11,Nontidal
AC,WSP2,49.4,16,Nontidal,12,Nontidal
AL,WSP2,230.5,33,Tidal,12,Nontidal
BB_A,WSP2,208.1,29,Tidal,12,Nontidal
BB_B,WSP2,207,30,Tidal,12,Nontidal
BWK1,WSP2,74.3,17,Nontidal,12,Nontidal
BWK2,WSP2,74,18,Nontidal,12,Nontidal
EF,WSP2,111.3,23,Nontidal,12,Nontidal
FMC1,WSP2,73.8,3,Nontidal,12,Nontidal
FMC2,WSP2,73.1,4,Nontidal,12,Nontidal
GM,WSP2,197.3,28,Tidal,12,Nontidal
GWP,WSP2,181.3,25,Tidal,12,Nontidal
HCK1,WSP2,46.1,7,Nontidal,12,Nontidal
HCK2,WSP2,45.6,8,Nontidal,12,Nontidal
LC,WSP2,32.6,9,Nontidal,12,Nontidal
LSP,WSP2,209.6,31,Tidal,12,Nontidal
MF,WSP2,22.1,10,Nontidal,12,Nontidal
MWC,WSP2,210.1,32,Tidal,12,Nontidal
NC,WSP2,253,34,Tidal,12,Nontidal
OJ,WSP2,15,13,Nontidal,12,Nontidal
PB,WSP2,195.7,27,Tidal,12,Nontidal
PL,WSP2,130.2,24,Nontidal,12,Nontidal
POR1,WSP2,83.6,19,Nontidal,12,Nontidal
POR2,WSP2,84,20,Nontidal,12,Nontidal
PR,WSP2,110.1,2,Nontidal,12,Nontidal
PTR_A,WSP2,260,35,Tidal,12,Nontidal
PTR_B,WSP2,258.6,36,Tidal,12,Nontidal
SHC,WSP2,65.3,5,Nontidal,12,Nontidal
SJR,WSP2,55.7,6,Nontidal,12,Nontidal
SL,WSP2,37.5,15,Nontidal,12,Nontidal
SWP,WSP2,189.5,26,Tidal,12,Nontidal
TC,WSP2,118.8,1,Nontidal,12,Nontidal
TL,WSP2,30.9,14,Nontidal,12,Nontidal
WF1,WSP2,103.5,22,Nontidal,12,Nontidal
WF2,WSP2,103.4,21,Nontidal,12,Nontidal
WSP1,WSP2,0.2,11,Nontidal,12,Nontidal
AC,AL,181.2,16,Nontidal,33,Tidal
AC,BB_A,158.7,16,Nontidal,29,Tidal
AC,BB_B,157.6,16,Nontidal,30,Tidal
AC,BWK1,24.9,16,Nontidal,17,Nontidal
AC,BWK2,24.6,16,Nontidal,18,Nontidal
AC,EF,61.9,16,Nontidal,23,Nontidal
AC,FMC1,123,16,Nontidal,3,Nontidal
AC,FMC2,122.3,16,Nontidal,4,Nontidal
AC,GM,147.9,16,Nontidal,28,Tidal
AC,GWP,131.9,16,Nontidal,25,Tidal
AC,HCK1,95.3,16,Nontidal,7,Nontidal
AC,HCK2,94.8,16,Nontidal,8,Nontidal
AC,LC,81.8,16,Nontidal,9,Nontidal
AC,LSP,160.2,16,Nontidal,31,Tidal
AC,MF,71.4,16,Nontidal,10,Nontidal
AC,MWC,160.7,16,Nontidal,32,Tidal
AC,NC,203.6,16,Nontidal,34,Tidal
AC,OJ,34.4,16,Nontidal,13,Nontidal
AC,PB,146.3,16,Nontidal,27,Tidal
AC,PL,80.8,16,Nontidal,24,Nontidal
AC,POR1,34.2,16,Nontidal,19,Nontidal
AC,POR2,34.6,16,Nontidal,20,Nontidal
AC,PR,159.3,16,Nontidal,2,Nontidal
AC,PTR_A,210.6,16,Nontidal,35,Tidal
AC,PTR_B,209.2,16,Nontidal,36,Tidal
AC,SHC,114.6,16,Nontidal,5,Nontidal
AC,SJR,104.9,16,Nontidal,6,Nontidal
AC,SL,11.9,16,Nontidal,15,Nontidal
AC,SWP,140.1,16,Nontidal,26,Tidal
AC,TC,168.1,16,Nontidal,1,Nontidal
AC,TL,18.5,16,Nontidal,14,Nontidal
AC,WF1,54.2,16,Nontidal,22,Nontidal
AC,WF2,54.1,16,Nontidal,21,Nontidal
AC,WSP1,49.6,16,Nontidal,11,Nontidal
AC,WSP2,49.4,16,Nontidal,12,Nontidal
AL,AC,181.2,33,Tidal,16,Nontidal
AL,BB_A,33.3,33,Tidal,29,Tidal
AL,BB_B,32.3,33,Tidal,30,Tidal
AL,BWK1,156.3,33,Tidal,17,Nontidal
AL,BWK2,156.6,33,Tidal,18,Nontidal
AL,EF,119.4,33,Tidal,23,Nontidal
AL,FMC1,304.2,33,Tidal,3,Nontidal
AL,FMC2,303.5,33,Tidal,4,Nontidal
AL,GM,33.6,33,Tidal,28,Tidal
AL,GWP,49.2,33,Tidal,25,Tidal
AL,HCK1,276.5,33,Tidal,7,Nontidal
AL,HCK2,276,33,Tidal,8,Nontidal
AL,LC,263,33,Tidal,9,Nontidal
AL,LSP,24.1,33,Tidal,31,Tidal
AL,MF,252.5,33,Tidal,10,Nontidal
AL,MWC,26.9,33,Tidal,32,Tidal
AL,NC,29.1,33,Tidal,34,Tidal
AL,OJ,215.6,33,Tidal,13,Nontidal
AL,PB,40.6,33,Tidal,27,Tidal
AL,PL,100.7,33,Tidal,24,Nontidal
AL,POR1,147,33,Tidal,19,Nontidal
AL,POR2,146.6,33,Tidal,20,Nontidal
AL,PR,340.5,33,Tidal,2,Nontidal
AL,PTR_A,36.2,33,Tidal,35,Tidal
AL,PTR_B,34.7,33,Tidal,36,Tidal
AL,SHC,295.7,33,Tidal,5,Nontidal
AL,SJR,286.1,33,Tidal,6,Nontidal
AL,SL,193.1,33,Tidal,15,Nontidal
AL,SWP,41.1,33,Tidal,26,Tidal
AL,TC,349.2,33,Tidal,1,Nontidal
AL,TL,199.7,33,Tidal,14,Nontidal
AL,WF1,127,33,Tidal,22,Nontidal
AL,WF2,127.1,33,Tidal,21,Nontidal
AL,WSP1,230.7,33,Tidal,11,Nontidal
AL,WSP2,230.5,33,Tidal,12,Nontidal
BB_A,AC,158.7,29,Tidal,16,Nontidal
BB_A,AL,33.3,29,Tidal,33,Tidal
BB_A,BB_B,1.1,29,Tidal,30,Tidal
BB_A,BWK1,133.8,29,Tidal,17,Nontidal
BB_A,BWK2,134.1,29,Tidal,18,Nontidal
BB_A,EF,96.9,29,Tidal,23,Nontidal
BB_A,FMC1,281.7,29,Tidal,3,Nontidal
BB_A,FMC2,281,29,Tidal,4,Nontidal
BB_A,GM,10.9,29,Tidal,28,Tidal
BB_A,GWP,26.7,29,Tidal,25,Tidal
BB_A,HCK1,254,29,Tidal,7,Nontidal
BB_A,HCK2,253.5,29,Tidal,8,Nontidal
BB_A,LC,240.5,29,Tidal,9,Nontidal
BB_A,LSP,9.6,29,Tidal,31,Tidal
BB_A,MF,230.1,29,Tidal,10,Nontidal
BB_A,MWC,13.6,29,Tidal,32,Tidal
BB_A,NC,55.7,29,Tidal,34,Tidal
BB_A,OJ,193.1,29,Tidal,13,Nontidal
BB_A,PB,18.2,29,Tidal,27,Tidal
BB_A,PL,78.2,29,Tidal,24,Nontidal
BB_A,POR1,124.5,29,Tidal,19,Nontidal
BB_A,POR2,124.1,29,Tidal,20,Nontidal
BB_A,PR,318,29,Tidal,2,Nontidal
BB_A,PTR_A,62.7,29,Tidal,35,Tidal
BB_A,PTR_B,61.3,29,Tidal,36,Tidal
BB_A,SHC,273.2,29,Tidal,5,Nontidal
BB_A,SJR,263.6,29,Tidal,6,Nontidal
BB_A,SL,170.6,29,Tidal,15,Nontidal
BB_A,SWP,18.6,29,Tidal,26,Tidal
BB_A,TC,326.7,29,Tidal,1,Nontidal
BB_A,TL,177.2,29,Tidal,14,Nontidal
BB_A,WF1,104.5,29,Tidal,22,Nontidal
BB_A,WF2,104.6,29,Tidal,21,Nontidal
BB_A,WSP1,208.2,29,Tidal,11,Nontidal
BB_A,WSP2,208.1,29,Tidal,12,Nontidal
BB_B,AC,157.6,30,Tidal,16,Nontidal
BB_B,AL,32.3,30,Tidal,33,Tidal
BB_B,BB_A,1.1,30,Tidal,29,Tidal
BB_B,BWK1,132.7,30,Tidal,17,Nontidal
BB_B,BWK2,133,30,Tidal,18,Nontidal
BB_B,EF,95.9,30,Tidal,23,Nontidal
BB_B,FMC1,280.6,30,Tidal,3,Nontidal
BB_B,FMC2,279.9,30,Tidal,4,Nontidal
BB_B,GM,9.8,30,Tidal,28,Tidal
BB_B,GWP,25.7,30,Tidal,25,Tidal
BB_B,HCK1,252.9,30,Tidal,7,Nontidal
BB_B,HCK2,252.4,30,Tidal,8,Nontidal
BB_B,LC,239.5,30,Tidal,9,Nontidal
BB_B,LSP,8.6,30,Tidal,31,Tidal
BB_B,MF,229,30,Tidal,10,Nontidal
BB_B,MWC,12.5,30,Tidal,32,Tidal
BB_B,NC,54.7,30,Tidal,34,Tidal
BB_B,OJ,192,30,Tidal,13,Nontidal
BB_B,PB,17.1,30,Tidal,27,Tidal
BB_B,PL,77.2,30,Tidal,24,Nontidal
BB_B,POR1,123.4,30,Tidal,19,Nontidal
BB_B,POR2,123,30,Tidal,20,Nontidal
BB_B,PR,316.9,30,Tidal,2,Nontidal
BB_B,PTR_A,61.7,30,Tidal,35,Tidal
BB_B,PTR_B,60.3,30,Tidal,36,Tidal
BB_B,SHC,272.2,30,Tidal,5,Nontidal
BB_B,SJR,262.5,30,Tidal,6,Nontidal
BB_B,SL,169.5,30,Tidal,15,Nontidal
BB_B,SWP,17.5,30,Tidal,26,Tidal
BB_B,TC,325.7,30,Tidal,1,Nontidal
BB_B,TL,176.2,30,Tidal,14,Nontidal
BB_B,WF1,103.5,30,Tidal,22,Nontidal
BB_B,WF2,103.5,30,Tidal,21,Nontidal
BB_B,WSP1,207.2,30,Tidal,11,Nontidal
BB_B,WSP2,207,30,Tidal,12,Nontidal
BWK1,AC,24.9,17,Nontidal,16,Nontidal
BWK1,AL,156.3,17,Nontidal,33,Tidal
BWK1,BB_A,133.8,17,Nontidal,29,Tidal
BWK1,BB_B,132.7,17,Nontidal,30,Tidal
BWK1,BWK2,0.3,17,Nontidal,18,Nontidal
BWK1,EF,37.1,17,Nontidal,23,Nontidal
BWK1,FMC1,147.9,17,Nontidal,3,Nontidal
BWK1,FMC2,147.2,17,Nontidal,4,Nontidal
BWK1,GM,123,17,Nontidal,28,Tidal
BWK1,GWP,107.1,17,Nontidal,25,Tidal
BWK1,HCK1,120.2,17,Nontidal,7,Nontidal
BWK1,HCK2,119.7,17,Nontidal,8,Nontidal
BWK1,LC,106.7,17,Nontidal,9,Nontidal
BWK1,LSP,135.3,17,Nontidal,31,Tidal
BWK1,MF,96.3,17,Nontidal,10,Nontidal
BWK1,MWC,135.9,17,Nontidal,32,Tidal
BWK1,NC,178.7,17,Nontidal,34,Tidal
BWK1,OJ,59.3,17,Nontidal,13,Nontidal
BWK1,PB,121.4,17,Nontidal,27,Tidal
BWK1,PL,56,17,Nontidal,24,Nontidal
BWK1,POR1,9.3,17,Nontidal,19,Nontidal
BWK1,POR2,9.7,17,Nontidal,20,Nontidal
BWK1,PR,184.2,17,Nontidal,2,Nontidal
BWK1,PTR_A,185.8,17,Nontidal,35,Tidal
BWK1,PTR_B,184.3,17,Nontidal,36,Tidal
BWK1,SHC,139.4,17,Nontidal,5,Nontidal
BWK1,SJR,129.8,17,Nontidal,6,Nontidal
BWK1,SL,36.8,17,Nontidal,15,Nontidal
BWK1,SWP,115.2,17,Nontidal,26,Tidal
BWK1,TC,192.9,17,Nontidal,1,Nontidal
BWK1,TL,43.4,17,Nontidal,14,Nontidal
BWK1,WF1,29.3,17,Nontidal,22,Nontidal
BWK1,WF2,29.2,17,Nontidal,21,Nontidal
BWK1,WSP1,74.4,17,Nontidal,11,Nontidal
BWK1,WSP2,74.3,17,Nontidal,12,Nontidal
BWK2,AC,24.6,18,Nontidal,16,Nontidal
BWK2,AL,156.6,18,Nontidal,33,Tidal
BWK2,BB_A,134.1,18,Nontidal,29,Tidal
BWK2,BB_B,133,18,Nontidal,30,Tidal
BWK2,BWK1,0.3,18,Nontidal,17,Nontidal
BWK2,EF,37.4,18,Nontidal,23,Nontidal
BWK2,FMC1,147.6,18,Nontidal,3,Nontidal
BWK2,FMC2,146.9,18,Nontidal,4,Nontidal
BWK2,GM,123.3,18,Nontidal,28,Tidal
BWK2,GWP,107.3,18,Nontidal,25,Tidal
BWK2,HCK1,119.9,18,Nontidal,7,Nontidal
BWK2,HCK2,119.4,18,Nontidal,8,Nontidal
BWK2,LC,106.4,18,Nontidal,9,Nontidal
BWK2,LSP,135.6,18,Nontidal,31,Tidal
BWK2,MF,96,18,Nontidal,10,Nontidal
BWK2,MWC,136.2,18,Nontidal,32,Tidal
BWK2,NC,179,18,Nontidal,34,Tidal
BWK2,OJ,59,18,Nontidal,13,Nontidal
BWK2,PB,121.7,18,Nontidal,27,Tidal
BWK2,PL,56.3,18,Nontidal,24,Nontidal
BWK2,POR1,9.6,18,Nontidal,19,Nontidal
BWK2,POR2,10,18,Nontidal,20,Nontidal
BWK2,PR,183.9,18,Nontidal,2,Nontidal
BWK2,PTR_A,186.1,18,Nontidal,35,Tidal
BWK2,PTR_B,184.6,18,Nontidal,36,Tidal
BWK2,SHC,139.2,18,Nontidal,5,Nontidal
BWK2,SJR,129.5,18,Nontidal,6,Nontidal
BWK2,SL,36.5,18,Nontidal,15,Nontidal
BWK2,SWP,115.5,18,Nontidal,26,Tidal
BWK2,TC,192.6,18,Nontidal,1,Nontidal
BWK2,TL,43.1,18,Nontidal,14,Nontidal
BWK2,WF1,29.6,18,Nontidal,22,Nontidal
BWK2,WF2,29.5,18,Nontidal,21,Nontidal
BWK2,WSP1,74.1,18,Nontidal,11,Nontidal
BWK2,WSP2,74,18,Nontidal,12,Nontidal
EF,AC,61.9,23,Nontidal,16,Nontidal
EF,AL,119.4,23,Nontidal,33,Tidal
EF,BB_A,96.9,23,Nontidal,29,Tidal
EF,BB_B,95.9,23,Nontidal,30,Tidal
EF,BWK1,37.1,23,Nontidal,17,Nontidal
EF,BWK2,37.4,23,Nontidal,18,Nontidal
EF,FMC1,184.9,23,Nontidal,3,Nontidal
EF,FMC2,184.2,23,Nontidal,4,Nontidal
EF,GM,86.2,23,Nontidal,28,Tidal
EF,GWP,70.2,23,Nontidal,25,Tidal
EF,HCK1,157.3,23,Nontidal,7,Nontidal
EF,HCK2,156.7,23,Nontidal,8,Nontidal
EF,LC,143.8,23,Nontidal,9,Nontidal
EF,LSP,98.5,23,Nontidal,31,Tidal
EF,MF,133.3,23,Nontidal,10,Nontidal
EF,MWC,99,23,Nontidal,32,Tidal
EF,NC,141.9,23,Nontidal,34,Tidal
EF,OJ,96.4,23,Nontidal,13,Nontidal
EF,PB,84.6,23,Nontidal,27,Tidal
EF,PL,19.1,23,Nontidal,24,Nontidal
EF,POR1,27.7,23,Nontidal,19,Nontidal
EF,POR2,27.3,23,Nontidal,20,Nontidal
EF,PR,221.2,23,Nontidal,2,Nontidal
EF,PTR_A,148.9,23,Nontidal,35,Tidal
EF,PTR_B,147.5,23,Nontidal,36,Tidal
EF,SHC,176.5,23,Nontidal,5,Nontidal
EF,SJR,166.8,23,Nontidal,6,Nontidal
EF,SL,73.9,23,Nontidal,15,Nontidal
EF,SWP,78.4,23,Nontidal,26,Tidal
EF,TC,230,23,Nontidal,1,Nontidal
EF,TL,80.5,23,Nontidal,14,Nontidal
EF,WF1,7.8,23,Nontidal,22,Nontidal
EF,WF2,7.9,23,Nontidal,21,Nontidal
EF,WSP1,111.5,23,Nontidal,11,Nontidal
EF,WSP2,111.3,23,Nontidal,12,Nontidal
FMC1,AC,123,3,Nontidal,16,Nontidal
FMC1,AL,304.2,3,Nontidal,33,Tidal
FMC1,BB_A,281.7,3,Nontidal,29,Tidal
FMC1,BB_B,280.6,3,Nontidal,30,Tidal
FMC1,BWK1,147.9,3,Nontidal,17,Nontidal
FMC1,BWK2,147.6,3,Nontidal,18,Nontidal
FMC1,EF,184.9,3,Nontidal,23,Nontidal
FMC1,FMC2,0.8,3,Nontidal,4,Nontidal
FMC1,GM,270.9,3,Nontidal,28,Tidal
FMC1,GWP,254.9,3,Nontidal,25,Tidal
FMC1,HCK1,27.7,3,Nontidal,7,Nontidal
FMC1,HCK2,28.2,3,Nontidal,8,Nontidal
FMC1,LC,41.2,3,Nontidal,9,Nontidal
FMC1,LSP,283.2,3,Nontidal,31,Tidal
FMC1,MF,51.7,3,Nontidal,10,Nontidal
FMC1,MWC,283.8,3,Nontidal,32,Tidal
FMC1,NC,326.6,3,Nontidal,34,Tidal
FMC1,OJ,88.6,3,Nontidal,13,Nontidal
FMC1,PB,269.3,3,Nontidal,27,Tidal
FMC1,PL,203.9,3,Nontidal,24,Nontidal
FMC1,POR1,157.2,3,Nontidal,19,Nontidal
FMC1,POR2,157.6,3,Nontidal,20,Nontidal
FMC1,PR,36.3,3,Nontidal,2,Nontidal
FMC1,PTR_A,333.6,3,Nontidal,35,Tidal
FMC1,PTR_B,332.2,3,Nontidal,36,Tidal
FMC1,SHC,8.4,3,Nontidal,5,Nontidal
FMC1,SJR,18.2,3,Nontidal,6,Nontidal
FMC1,SL,111.2,3,Nontidal,15,Nontidal
FMC1,SWP,263.1,3,Nontidal,26,Tidal
FMC1,TC,45,3,Nontidal,1,Nontidal
FMC1,TL,104.6,3,Nontidal,14,Nontidal
FMC1,WF1,177.2,3,Nontidal,22,Nontidal
FMC1,WF2,177.1,3,Nontidal,21,Nontidal
FMC1,WSP1,73.6,3,Nontidal,11,Nontidal
FMC1,WSP2,73.8,3,Nontidal,12,Nontidal
FMC2,AC,122.3,4,Nontidal,16,Nontidal
FMC2,AL,303.5,4,Nontidal,33,Tidal
FMC2,BB_A,281,4,Nontidal,29,Tidal
FMC2,BB_B,279.9,4,Nontidal,30,Tidal
FMC2,BWK1,147.2,4,Nontidal,17,Nontidal
FMC2,BWK2,146.9,4,Nontidal,18,Nontidal
FMC2,EF,184.2,4,Nontidal,23,Nontidal
FMC2,FMC1,0.8,4,Nontidal,3,Nontidal
FMC2,GM,270.2,4,Nontidal,28,Tidal
FMC2,GWP,254.2,4,Nontidal,25,Tidal
FMC2,HCK1,27,4,Nontidal,7,Nontidal
FMC2,HCK2,27.5,4,Nontidal,8,Nontidal
FMC2,LC,40.5,4,Nontidal,9,Nontidal
FMC2,LSP,282.5,4,Nontidal,31,Tidal
FMC2,MF,51,4,Nontidal,10,Nontidal
FMC2,MWC,283.1,4,Nontidal,32,Tidal
FMC2,NC,325.9,4,Nontidal,34,Tidal
FMC2,OJ,87.9,4,Nontidal,13,Nontidal
FMC2,PB,268.6,4,Nontidal,27,Tidal
FMC2,PL,203.1,4,Nontidal,24,Nontidal
FMC2,POR1,156.5,4,Nontidal,19,Nontidal
FMC2,POR2,156.9,4,Nontidal,20,Nontidal
FMC2,PR,37.1,4,Nontidal,2,Nontidal
FMC2,PTR_A,332.9,4,Nontidal,35,Tidal
FMC2,PTR_B,331.5,4,Nontidal,36,Tidal
FMC2,SHC,7.7,4,Nontidal,5,Nontidal
FMC2,SJR,17.4,4,Nontidal,6,Nontidal
FMC2,SL,110.5,4,Nontidal,15,Nontidal
FMC2,SWP,262.4,4,Nontidal,26,Tidal
FMC2,TC,45.8,4,Nontidal,1,Nontidal
FMC2,TL,103.8,4,Nontidal,14,Nontidal
FMC2,WF1,176.5,4,Nontidal,22,Nontidal
FMC2,WF2,176.4,4,Nontidal,21,Nontidal
FMC2,WSP1,72.9,4,Nontidal,11,Nontidal
FMC2,WSP2,73.1,4,Nontidal,12,Nontidal
GM,AC,147.9,28,Tidal,16,Nontidal
GM,AL,33.6,28,Tidal,33,Tidal
GM,BB_A,10.9,28,Tidal,29,Tidal
GM,BB_B,9.8,28,Tidal,30,Tidal
GM,BWK1,123,28,Tidal,17,Nontidal
GM,BWK2,123.3,28,Tidal,18,Nontidal
GM,EF,86.2,28,Tidal,23,Nontidal
GM,FMC1,270.9,28,Tidal,3,Nontidal
GM,FMC2,270.2,28,Tidal,4,Nontidal
GM,GWP,16,28,Tidal,25,Tidal
GM,HCK1,243.2,28,Tidal,7,Nontidal
GM,HCK2,242.7,28,Tidal,8,Nontidal
GM,LC,229.7,28,Tidal,9,Nontidal
GM,LSP,12.4,28,Tidal,31,Tidal
GM,MF,219.3,28,Tidal,10,Nontidal
GM,MWC,13.2,28,Tidal,32,Tidal
GM,NC,56,28,Tidal,34,Tidal
GM,OJ,182.3,28,Tidal,13,Nontidal
GM,PB,7.4,28,Tidal,27,Tidal
GM,PL,67.4,28,Tidal,24,Nontidal
GM,POR1,113.7,28,Tidal,19,Nontidal
GM,POR2,113.3,28,Tidal,20,Nontidal
GM,PR,307.2,28,Tidal,2,Nontidal
GM,PTR_A,63,28,Tidal,35,Tidal
GM,PTR_B,61.6,28,Tidal,36,Tidal
GM,SHC,262.5,28,Tidal,5,Nontidal
GM,SJR,252.8,28,Tidal,6,Nontidal
GM,SL,159.8,28,Tidal,15,Nontidal
GM,SWP,7.8,28,Tidal,26,Tidal
GM,TC,315.9,28,Tidal,1,Nontidal
GM,TL,166.4,28,Tidal,14,Nontidal
GM,WF1,93.7,28,Tidal,22,Nontidal
GM,WF2,93.8,28,Tidal,21,Nontidal
GM,WSP1,197.5,28,Tidal,11,Nontidal
GM,WSP2,197.3,28,Tidal,12,Nontidal
GWP,AC,131.9,25,Tidal,16,Nontidal
GWP,AL,49.2,25,Tidal,33,Tidal
GWP,BB_A,26.7,25,Tidal,29,Tidal
GWP,BB_B,25.7,25,Tidal,30,Tidal
GWP,BWK1,107.1,25,Tidal,17,Nontidal
GWP,BWK2,107.3,25,Tidal,18,Nontidal
GWP,EF,70.2,25,Tidal,23,Nontidal
GWP,FMC1,254.9,25,Tidal,3,Nontidal
GWP,FMC2,254.2,25,Tidal,4,Nontidal
GWP,GM,16,25,Tidal,28,Tidal
GWP,HCK1,227.2,25,Tidal,7,Nontidal
GWP,HCK2,226.7,25,Tidal,8,Nontidal
GWP,LC,213.8,25,Tidal,9,Nontidal
GWP,LSP,28.3,25,Tidal,31,Tidal
GWP,MF,203.3,25,Tidal,10,Nontidal
GWP,MWC,28.8,25,Tidal,32,Tidal
GWP,NC,71.7,25,Tidal,34,Tidal
GWP,OJ,166.3,25,Tidal,13,Nontidal
GWP,PB,14.4,25,Tidal,27,Tidal
GWP,PL,51.5,25,Tidal,24,Nontidal
GWP,POR1,97.7,25,Tidal,19,Nontidal
GWP,POR2,97.3,25,Tidal,20,Nontidal
GWP,PR,291.2,25,Tidal,2,Nontidal
GWP,PTR_A,78.7,25,Tidal,35,Tidal
GWP,PTR_B,77.3,25,Tidal,36,Tidal
GWP,SHC,246.5,25,Tidal,5,Nontidal
GWP,SJR,236.8,25,Tidal,6,Nontidal
GWP,SL,143.8,25,Tidal,15,Nontidal
GWP,SWP,8.2,25,Tidal,26,Tidal
GWP,TC,300,25,Tidal,1,Nontidal
GWP,TL,150.5,25,Tidal,14,Nontidal
GWP,WF1,77.8,25,Tidal,22,Nontidal
GWP,WF2,77.9,25,Tidal,21,Nontidal
GWP,WSP1,181.5,25,Tidal,11,Nontidal
GWP,WSP2,181.3,25,Tidal,12,Nontidal
HCK1,AC,95.3,7,Nontidal,16,Nontidal
HCK1,AL,276.5,7,Nontidal,33,Tidal
HCK1,BB_A,254,7,Nontidal,29,Tidal
HCK1,BB_B,252.9,7,Nontidal,30,Tidal
HCK1,BWK1,120.2,7,Nontidal,17,Nontidal
HCK1,BWK2,119.9,7,Nontidal,18,Nontidal
HCK1,EF,157.3,7,Nontidal,23,Nontidal
HCK1,FMC1,27.7,7,Nontidal,3,Nontidal
HCK1,FMC2,27,7,Nontidal,4,Nontidal
HCK1,GM,243.2,7,Nontidal,28,Tidal
HCK1,GWP,227.2,7,Nontidal,25,Tidal
HCK1,HCK2,0.5,7,Nontidal,8,Nontidal
HCK1,LC,13.5,7,Nontidal,9,Nontidal
HCK1,LSP,255.5,7,Nontidal,31,Tidal
HCK1,MF,24,7,Nontidal,10,Nontidal
HCK1,MWC,256.1,7,Nontidal,32,Tidal
HCK1,NC,298.9,7,Nontidal,34,Tidal
HCK1,OJ,60.9,7,Nontidal,13,Nontidal
HCK1,PB,241.6,7,Nontidal,27,Tidal
HCK1,PL,176.2,7,Nontidal,24,Nontidal
HCK1,POR1,129.5,7,Nontidal,19,Nontidal
HCK1,POR2,129.9,7,Nontidal,20,Nontidal
HCK1,PR,64,7,Nontidal,2,Nontidal
HCK1,PTR_A,306,7,Nontidal,35,Tidal
HCK1,PTR_B,304.5,7,Nontidal,36,Tidal
HCK1,SHC,19.3,7,Nontidal,5,Nontidal
HCK1,SJR,9.6,7,Nontidal,6,Nontidal
HCK1,SL,83.5,7,Nontidal,15,Nontidal
HCK1,SWP,235.4,7,Nontidal,26,Tidal
HCK1,TC,72.8,7,Nontidal,1,Nontidal
HCK1,TL,76.9,7,Nontidal,14,Nontidal
HCK1,WF1,149.5,7,Nontidal,22,Nontidal
HCK1,WF2,149.4,7,Nontidal,21,Nontidal
HCK1,WSP1,45.9,7,Nontidal,11,Nontidal
HCK1,WSP2,46.1,7,Nontidal,12,Nontidal
HCK2,AC,94.8,8,Nontidal,16,Nontidal
HCK2,AL,276,8,Nontidal,33,Tidal
HCK2,BB_A,253.5,8,Nontidal,29,Tidal
HCK2,BB_B,252.4,8,Nontidal,30,Tidal
HCK2,BWK1,119.7,8,Nontidal,17,Nontidal
HCK2,BWK2,119.4,8,Nontidal,18,Nontidal
HCK2,EF,156.7,8,Nontidal,23,Nontidal
HCK2,FMC1,28.2,8,Nontidal,3,Nontidal
HCK2,FMC2,27.5,8,Nontidal,4,Nontidal
HCK2,GM,242.7,8,Nontidal,28,Tidal
HCK2,GWP,226.7,8,Nontidal,25,Tidal
HCK2,HCK1,0.5,8,Nontidal,7,Nontidal
HCK2,LC,13,8,Nontidal,9,Nontidal
HCK2,LSP,255,8,Nontidal,31,Tidal
HCK2,MF,23.5,8,Nontidal,10,Nontidal
HCK2,MWC,255.6,8,Nontidal,32,Tidal
HCK2,NC,298.4,8,Nontidal,34,Tidal
HCK2,OJ,60.4,8,Nontidal,13,Nontidal
HCK2,PB,241.1,8,Nontidal,27,Tidal
HCK2,PL,175.6,8,Nontidal,24,Nontidal
HCK2,POR1,129,8,Nontidal,19,Nontidal
HCK2,POR2,129.4,8,Nontidal,20,Nontidal
HCK2,PR,64.5,8,Nontidal,2,Nontidal
HCK2,PTR_A,305.4,8,Nontidal,35,Tidal
HCK2,PTR_B,304,8,Nontidal,36,Tidal
HCK2,SHC,19.8,8,Nontidal,5,Nontidal
HCK2,SJR,10.1,8,Nontidal,6,Nontidal
HCK2,SL,83,8,Nontidal,15,Nontidal
HCK2,SWP,234.9,8,Nontidal,26,Tidal
HCK2,TC,73.3,8,Nontidal,1,Nontidal
HCK2,TL,76.3,8,Nontidal,14,Nontidal
HCK2,WF1,149,8,Nontidal,22,Nontidal
HCK2,WF2,148.9,8,Nontidal,21,Nontidal
HCK2,WSP1,45.4,8,Nontidal,11,Nontidal
HCK2,WSP2,45.6,8,Nontidal,12,Nontidal
LC,AC,81.8,9,Nontidal,16,Nontidal
LC,AL,263,9,Nontidal,33,Tidal
LC,BB_A,240.5,9,Nontidal,29,Tidal
LC,BB_B,239.5,9,Nontidal,30,Tidal
LC,BWK1,106.7,9,Nontidal,17,Nontidal
LC,BWK2,106.4,9,Nontidal,18,Nontidal
LC,EF,143.8,9,Nontidal,23,Nontidal
LC,FMC1,41.2,9,Nontidal,3,Nontidal
LC,FMC2,40.5,9,Nontidal,4,Nontidal
LC,GM,229.7,9,Nontidal,28,Tidal
LC,GWP,213.8,9,Nontidal,25,Tidal
LC,HCK1,13.5,9,Nontidal,7,Nontidal
LC,HCK2,13,9,Nontidal,8,Nontidal
LC,LSP,242,9,Nontidal,31,Tidal
LC,MF,10.5,9,Nontidal,10,Nontidal
LC,MWC,242.6,9,Nontidal,32,Tidal
LC,NC,285.5,9,Nontidal,34,Tidal
LC,OJ,47.4,9,Nontidal,13,Nontidal
LC,PB,228.2,9,Nontidal,27,Tidal
LC,PL,162.7,9,Nontidal,24,Nontidal
LC,POR1,116,9,Nontidal,19,Nontidal
LC,POR2,116.5,9,Nontidal,20,Nontidal
LC,PR,77.5,9,Nontidal,2,Nontidal
LC,PTR_A,292.5,9,Nontidal,35,Tidal
LC,PTR_B,291.1,9,Nontidal,36,Tidal
LC,SHC,32.7,9,Nontidal,5,Nontidal
LC,SJR,23.1,9,Nontidal,6,Nontidal
LC,SL,70,9,Nontidal,15,Nontidal
LC,SWP,221.9,9,Nontidal,26,Tidal
LC,TC,86.2,9,Nontidal,1,Nontidal
LC,TL,63.4,9,Nontidal,14,Nontidal
LC,WF1,136,9,Nontidal,22,Nontidal
LC,WF2,135.9,9,Nontidal,21,Nontidal
LC,WSP1,32.4,9,Nontidal,11,Nontidal
LC,WSP2,32.6,9,Nontidal,12,Nontidal
LSP,AC,160.2,31,Tidal,16,Nontidal
LSP,AL,24.1,31,Tidal,33,Tidal
LSP,BB_A,9.6,31,Tidal,29,Tidal
LSP,BB_B,8.6,31,Tidal,30,Tidal
LSP,BWK1,135.3,31,Tidal,17,Nontidal
LSP,BWK2,135.6,31,Tidal,18,Nontidal
LSP,EF,98.5,31,Tidal,23,Nontidal
LSP,FMC1,283.2,31,Tidal,3,Nontidal
LSP,FMC2,282.5,31,Tidal,4,Nontidal
LSP,GM,12.4,31,Tidal,28,Tidal
LSP,GWP,28.3,31,Tidal,25,Tidal
LSP,HCK1,255.5,31,Tidal,7,Nontidal
LSP,HCK2,255,31,Tidal,8,Nontidal
LSP,LC,242,31,Tidal,9,Nontidal
LSP,MF,231.6,31,Tidal,10,Nontidal
LSP,MWC,8.3,31,Tidal,32,Tidal
LSP,NC,46.5,31,Tidal,34,Tidal
LSP,OJ,194.6,31,Tidal,13,Nontidal
LSP,PB,19.7,31,Tidal,27,Tidal
LSP,PL,79.7,31,Tidal,24,Nontidal
LSP,POR1,126,31,Tidal,19,Nontidal
LSP,POR2,125.6,31,Tidal,20,Nontidal
LSP,PR,319.5,31,Tidal,2,Nontidal
LSP,PTR_A,53.5,31,Tidal,35,Tidal
LSP,PTR_B,52.1,31,Tidal,36,Tidal
LSP,SHC,274.8,31,Tidal,5,Nontidal
LSP,SJR,265.1,31,Tidal,6,Nontidal
LSP,SL,172.1,31,Tidal,15,Nontidal
LSP,SWP,20.1,31,Tidal,26,Tidal
LSP,TC,328.3,31,Tidal,1,Nontidal
LSP,TL,178.7,31,Tidal,14,Nontidal
LSP,WF1,106,31,Tidal,22,Nontidal
LSP,WF2,106.1,31,Tidal,21,Nontidal
LSP,WSP1,209.8,31,Tidal,11,Nontidal
LSP,WSP2,209.6,31,Tidal,12,Nontidal
MF,AC,71.4,10,Nontidal,16,Nontidal
MF,AL,252.5,10,Nontidal,33,Tidal
MF,BB_A,230.1,10,Nontidal,29,Tidal
MF,BB_B,229,10,Nontidal,30,Tidal
MF,BWK1,96.3,10,Nontidal,17,Nontidal
MF,BWK2,96,10,Nontidal,18,Nontidal
MF,EF,133.3,10,Nontidal,23,Nontidal
MF,FMC1,51.7,10,Nontidal,3,Nontidal
MF,FMC2,51,10,Nontidal,4,Nontidal
MF,GM,219.3,10,Nontidal,28,Tidal
MF,GWP,203.3,10,Nontidal,25,Tidal
MF,HCK1,24,10,Nontidal,7,Nontidal
MF,HCK2,23.5,10,Nontidal,8,Nontidal
MF,LC,10.5,10,Nontidal,9,Nontidal
MF,LSP,231.6,10,Nontidal,31,Tidal
MF,MWC,232.1,10,Nontidal,32,Tidal
MF,NC,275,10,Nontidal,34,Tidal
MF,OJ,37,10,Nontidal,13,Nontidal
MF,PB,217.7,10,Nontidal,27,Tidal
MF,PL,152.2,10,Nontidal,24,Nontidal
MF,POR1,105.6,10,Nontidal,19,Nontidal
MF,POR2,106,10,Nontidal,20,Nontidal
MF,PR,88,10,Nontidal,2,Nontidal
MF,PTR_A,282,10,Nontidal,35,Tidal
MF,PTR_B,280.6,10,Nontidal,36,Tidal
MF,SHC,43.2,10,Nontidal,5,Nontidal
MF,SJR,33.6,10,Nontidal,6,Nontidal
MF,SL,59.5,10,Nontidal,15,Nontidal
MF,SWP,211.5,10,Nontidal,26,Tidal
MF,TC,96.7,10,Nontidal,1,Nontidal
MF,TL,52.9,10,Nontidal,14,Nontidal
MF,WF1,125.5,10,Nontidal,22,Nontidal
MF,WF2,125.4,10,Nontidal,21,Nontidal
MF,WSP1,22,10,Nontidal,11,Nontidal
MF,WSP2,22.1,10,Nontidal,12,Nontidal
MWC,AC,160.7,32,Tidal,16,Nontidal
MWC,AL,26.9,32,Tidal,33,Tidal
MWC,BB_A,13.6,32,Tidal,29,Tidal
MWC,BB_B,12.5,32,Tidal,30,Tidal
MWC,BWK1,135.9,32,Tidal,17,Nontidal
MWC,BWK2,136.2,32,Tidal,18,Nontidal
MWC,EF,99,32,Tidal,23,Nontidal
MWC,FMC1,283.8,32,Tidal,3,Nontidal
MWC,FMC2,283.1,32,Tidal,4,Nontidal
MWC,GM,13.2,32,Tidal,28,Tidal
MWC,GWP,28.8,32,Tidal,25,Tidal
MWC,HCK1,256.1,32,Tidal,7,Nontidal
MWC,HCK2,255.6,32,Tidal,8,Nontidal
MWC,LC,242.6,32,Tidal,9,Nontidal
MWC,LSP,8.3,32,Tidal,31,Tidal
MWC,MF,232.1,32,Tidal,10,Nontidal
MWC,NC,49.4,32,Tidal,34,Tidal
MWC,OJ,195.2,32,Tidal,13,Nontidal
MWC,PB,20.2,32,Tidal,27,Tidal
MWC,PL,80.3,32,Tidal,24,Nontidal
MWC,POR1,126.5,32,Tidal,19,Nontidal
MWC,POR2,126.1,32,Tidal,20,Nontidal
MWC,PR,320,32,Tidal,2,Nontidal
MWC,PTR_A,56.4,32,Tidal,35,Tidal
MWC,PTR_B,55,32,Tidal,36,Tidal
MWC,SHC,275.3,32,Tidal,5,Nontidal
MWC,SJR,265.7,32,Tidal,6,Nontidal
MWC,SL,172.7,32,Tidal,15,Nontidal
MWC,SWP,20.7,32,Tidal,26,Tidal
MWC,TC,328.8,32,Tidal,1,Nontidal
MWC,TL,179.3,32,Tidal,14,Nontidal
MWC,WF1,106.6,32,Tidal,22,Nontidal
MWC,WF2,106.7,32,Tidal,21,Nontidal
MWC,WSP1,210.3,32,Tidal,11,Nontidal
MWC,WSP2,210.1,32,Tidal,12,Nontidal
NC,AC,203.6,34,Tidal,16,Nontidal
NC,AL,29.1,34,Tidal,33,Tidal
NC,BB_A,55.7,34,Tidal,29,Tidal
NC,BB_B,54.7,34,Tidal,30,Tidal
NC,BWK1,178.7,34,Tidal,17,Nontidal
NC,BWK2,179,34,Tidal,18,Nontidal
NC,EF,141.9,34,Tidal,23,Nontidal
NC,FMC1,326.6,34,Tidal,3,Nontidal
NC,FMC2,325.9,34,Tidal,4,Nontidal
NC,GM,56,34,Tidal,28,Tidal
NC,GWP,71.7,34,Tidal,25,Tidal
NC,HCK1,298.9,34,Tidal,7,Nontidal
NC,HCK2,298.4,34,Tidal,8,Nontidal
NC,LC,285.5,34,Tidal,9,Nontidal
NC,LSP,46.5,34,Tidal,31,Tidal
NC,MF,275,34,Tidal,10,Nontidal
NC,MWC,49.4,34,Tidal,32,Tidal
NC,OJ,238,34,Tidal,13,Nontidal
NC,PB,63.1,34,Tidal,27,Tidal
NC,PL,123.2,34,Tidal,24,Nontidal
NC,POR1,169.4,34,Tidal,19,Nontidal
NC,POR2,169,34,Tidal,20,Nontidal
NC,PR,362.9,34,Tidal,2,Nontidal
NC,PTR_A,22.2,34,Tidal,35,Tidal
NC,PTR_B,20.8,34,Tidal,36,Tidal
NC,SHC,318.2,34,Tidal,5,Nontidal
NC,SJR,308.5,34,Tidal,6,Nontidal
NC,SL,215.5,34,Tidal,15,Nontidal
NC,SWP,63.5,34,Tidal,26,Tidal
NC,TC,371.7,34,Tidal,1,Nontidal
NC,TL,222.2,34,Tidal,14,Nontidal
NC,WF1,149.5,34,Tidal,22,Nontidal
NC,WF2,149.6,34,Tidal,21,Nontidal
NC,WSP1,253.2,34,Tidal,11,Nontidal
NC,WSP2,253,34,Tidal,12,Nontidal
OJ,AC,34.4,13,Nontidal,16,Nontidal
OJ,AL,215.6,13,Nontidal,33,Tidal
OJ,BB_A,193.1,13,Nontidal,29,Tidal
OJ,BB_B,192,13,Nontidal,30,Tidal
OJ,BWK1,59.3,13,Nontidal,17,Nontidal
OJ,BWK2,59,13,Nontidal,18,Nontidal
OJ,EF,96.4,13,Nontidal,23,Nontidal
OJ,FMC1,88.6,13,Nontidal,3,Nontidal
OJ,FMC2,87.9,13,Nontidal,4,Nontidal
OJ,GM,182.3,13,Nontidal,28,Tidal
OJ,GWP,166.3,13,Nontidal,25,Tidal
OJ,HCK1,60.9,13,Nontidal,7,Nontidal
OJ,HCK2,60.4,13,Nontidal,8,Nontidal
OJ,LC,47.4,13,Nontidal,9,Nontidal
OJ,LSP,194.6,13,Nontidal,31,Tidal
OJ,MF,37,13,Nontidal,10,Nontidal
OJ,MWC,195.2,13,Nontidal,32,Tidal
OJ,NC,238,13,Nontidal,34,Tidal
OJ,PB,180.7,13,Nontidal,27,Tidal
OJ,PL,115.3,13,Nontidal,24,Nontidal
OJ,POR1,68.6,13,Nontidal,19,Nontidal
OJ,POR2,69,13,Nontidal,20,Nontidal
OJ,PR,124.9,13,Nontidal,2,Nontidal
OJ,PTR_A,245,13,Nontidal,35,Tidal
OJ,PTR_B,243.6,13,Nontidal,36,Tidal
OJ,SHC,80.2,13,Nontidal,5,Nontidal
OJ,SJR,70.5,13,Nontidal,6,Nontidal
OJ,SL,22.6,13,Nontidal,15,Nontidal
OJ,SWP,174.5,13,Nontidal,26,Tidal
OJ,TC,133.6,13,Nontidal,1,Nontidal
OJ,TL,16,13,Nontidal,14,Nontidal
OJ,WF1,88.6,13,Nontidal,22,Nontidal
OJ,WF2,88.5,13,Nontidal,21,Nontidal
OJ,WSP1,15.1,13,Nontidal,11,Nontidal
OJ,WSP2,15,13,Nontidal,12,Nontidal
PB,AC,146.3,27,Tidal,16,Nontidal
PB,AL,40.6,27,Tidal,33,Tidal
PB,BB_A,18.2,27,Tidal,29,Tidal
PB,BB_B,17.1,27,Tidal,30,Tidal
PB,BWK1,121.4,27,Tidal,17,Nontidal
PB,BWK2,121.7,27,Tidal,18,Nontidal
PB,EF,84.6,27,Tidal,23,Nontidal
PB,FMC1,269.3,27,Tidal,3,Nontidal
PB,FMC2,268.6,27,Tidal,4,Nontidal
PB,GM,7.4,27,Tidal,28,Tidal
PB,GWP,14.4,27,Tidal,25,Tidal
PB,HCK1,241.6,27,Tidal,7,Nontidal
PB,HCK2,241.1,27,Tidal,8,Nontidal
PB,LC,228.2,27,Tidal,9,Nontidal
PB,LSP,19.7,27,Tidal,31,Tidal
PB,MF,217.7,27,Tidal,10,Nontidal
PB,MWC,20.2,27,Tidal,32,Tidal
PB,NC,63.1,27,Tidal,34,Tidal
PB,OJ,180.7,27,Tidal,13,Nontidal
PB,PL,65.9,27,Tidal,24,Nontidal
PB,POR1,112.1,27,Tidal,19,Nontidal
PB,POR2,111.7,27,Tidal,20,Nontidal
PB,PR,305.6,27,Tidal,2,Nontidal
PB,PTR_A,70.1,27,Tidal,35,Tidal
PB,PTR_B,68.7,27,Tidal,36,Tidal
PB,SHC,260.9,27,Tidal,5,Nontidal
PB,SJR,251.2,27,Tidal,6,Nontidal
PB,SL,158.2,27,Tidal,15,Nontidal
PB,SWP,6.2,27,Tidal,26,Tidal
PB,TC,314.4,27,Tidal,1,Nontidal
PB,TL,164.9,27,Tidal,14,Nontidal
PB,WF1,92.2,27,Tidal,22,Nontidal
PB,WF2,92.2,27,Tidal,21,Nontidal
PB,WSP1,195.9,27,Tidal,11,Nontidal
PB,WSP2,195.7,27,Tidal,12,Nontidal
PL,AC,80.8,24,Nontidal,16,Nontidal
PL,AL,100.7,24,Nontidal,33,Tidal
PL,BB_A,78.2,24,Nontidal,29,Tidal
PL,BB_B,77.2,24,Nontidal,30,Tidal
PL,BWK1,56,24,Nontidal,17,Nontidal
PL,BWK2,56.3,24,Nontidal,18,Nontidal
PL,EF,19.1,24,Nontidal,23,Nontidal
PL,FMC1,203.9,24,Nontidal,3,Nontidal
PL,FMC2,203.1,24,Nontidal,4,Nontidal
PL,GM,67.4,24,Nontidal,28,Tidal
PL,GWP,51.5,24,Nontidal,25,Tidal
PL,HCK1,176.2,24,Nontidal,7,Nontidal
PL,HCK2,175.6,24,Nontidal,8,Nontidal
PL,LC,162.7,24,Nontidal,9,Nontidal
PL,LSP,79.7,24,Nontidal,31,Tidal
PL,MF,152.2,24,Nontidal,10,Nontidal
PL,MWC,80.3,24,Nontidal,32,Tidal
PL,NC,123.2,24,Nontidal,34,Tidal
PL,OJ,115.3,24,Nontidal,13,Nontidal
PL,PB,65.9,24,Nontidal,27,Tidal
PL,POR1,46.6,24,Nontidal,19,Nontidal
PL,POR2,46.2,24,Nontidal,20,Nontidal
PL,PR,240.1,24,Nontidal,2,Nontidal
PL,PTR_A,130.2,24,Nontidal,35,Tidal
PL,PTR_B,128.8,24,Nontidal,36,Tidal
PL,SHC,195.4,24,Nontidal,5,Nontidal
PL,SJR,185.7,24,Nontidal,6,Nontidal
PL,SL,92.8,24,Nontidal,15,Nontidal
PL,SWP,59.6,24,Nontidal,26,Tidal
PL,TC,248.9,24,Nontidal,1,Nontidal
PL,TL,99.4,24,Nontidal,14,Nontidal
PL,WF1,26.7,24,Nontidal,22,Nontidal
PL,WF2,26.8,24,Nontidal,21,Nontidal
PL,WSP1,130.4,24,Nontidal,11,Nontidal
PL,WSP2,130.2,24,Nontidal,12,Nontidal
POR1,AC,34.2,19,Nontidal,16,Nontidal
POR1,AL,147,19,Nontidal,33,Tidal
POR1,BB_A,124.5,19,Nontidal,29,Tidal
POR1,BB_B,123.4,19,Nontidal,30,Tidal
POR1,BWK1,9.3,19,Nontidal,17,Nontidal
POR1,BWK2,9.6,19,Nontidal,18,Nontidal
POR1,EF,27.7,19,Nontidal,23,Nontidal
POR1,FMC1,157.2,19,Nontidal,3,Nontidal
POR1,FMC2,156.5,19,Nontidal,4,Nontidal
POR1,GM,113.7,19,Nontidal,28,Tidal
POR1,GWP,97.7,19,Nontidal,25,Tidal
POR1,HCK1,129.5,19,Nontidal,7,Nontidal
POR1,HCK2,129,19,Nontidal,8,Nontidal
POR1,LC,116,19,Nontidal,9,Nontidal
POR1,LSP,126,19,Nontidal,31,Tidal
POR1,MF,105.6,19,Nontidal,10,Nontidal
POR1,MWC,126.5,19,Nontidal,32,Tidal
POR1,NC,169.4,19,Nontidal,34,Tidal
POR1,OJ,68.6,19,Nontidal,13,Nontidal
POR1,PB,112.1,19,Nontidal,27,Tidal
POR1,PL,46.6,19,Nontidal,24,Nontidal
POR1,POR2,0.4,19,Nontidal,20,Nontidal
POR1,PR,193.5,19,Nontidal,2,Nontidal
POR1,PTR_A,176.4,19,Nontidal,35,Tidal
POR1,PTR_B,175,19,Nontidal,36,Tidal
POR1,SHC,148.8,19,Nontidal,5,Nontidal
POR1,SJR,139.1,19,Nontidal,6,Nontidal
POR1,SL,46.1,19,Nontidal,15,Nontidal
POR1,SWP,105.9,19,Nontidal,26,Tidal
POR1,TC,202.3,19,Nontidal,1,Nontidal
POR1,TL,52.7,19,Nontidal,14,Nontidal
POR1,WF1,20,19,Nontidal,22,Nontidal
POR1,WF2,19.9,19,Nontidal,21,Nontidal
POR1,WSP1,83.8,19,Nontidal,11,Nontidal
POR1,WSP2,83.6,19,Nontidal,12,Nontidal
POR2,AC,34.6,20,Nontidal,16,Nontidal
POR2,AL,146.6,20,Nontidal,33,Tidal
POR2,BB_A,124.1,20,Nontidal,29,Tidal
POR2,BB_B,123,20,Nontidal,30,Tidal
POR2,BWK1,9.7,20,Nontidal,17,Nontidal
POR2,BWK2,10,20,Nontidal,18,Nontidal
POR2,EF,27.3,20,Nontidal,23,Nontidal
POR2,FMC1,157.6,20,Nontidal,3,Nontidal
POR2,FMC2,156.9,20,Nontidal,4,Nontidal
POR2,GM,113.3,20,Nontidal,28,Tidal
POR2,GWP,97.3,20,Nontidal,25,Tidal
POR2,HCK1,129.9,20,Nontidal,7,Nontidal
POR2,HCK2,129.4,20,Nontidal,8,Nontidal
POR2,LC,116.5,20,Nontidal,9,Nontidal
POR2,LSP,125.6,20,Nontidal,31,Tidal
POR2,MF,106,20,Nontidal,10,Nontidal
POR2,MWC,126.1,20,Nontidal,32,Tidal
POR2,NC,169,20,Nontidal,34,Tidal
POR2,OJ,69,20,Nontidal,13,Nontidal
POR2,PB,111.7,20,Nontidal,27,Tidal
POR2,PL,46.2,20,Nontidal,24,Nontidal
POR2,POR1,0.4,20,Nontidal,19,Nontidal
POR2,PR,193.9,20,Nontidal,2,Nontidal
POR2,PTR_A,176,20,Nontidal,35,Tidal
POR2,PTR_B,174.6,20,Nontidal,36,Tidal
POR2,SHC,149.2,20,Nontidal,5,Nontidal
POR2,SJR,139.5,20,Nontidal,6,Nontidal
POR2,SL,46.5,20,Nontidal,15,Nontidal
POR2,SWP,105.5,20,Nontidal,26,Tidal
POR2,TC,202.7,20,Nontidal,1,Nontidal
POR2,TL,53.1,20,Nontidal,14,Nontidal
POR2,WF1,19.5,20,Nontidal,22,Nontidal
POR2,WF2,19.5,20,Nontidal,21,Nontidal
POR2,WSP1,84.2,20,Nontidal,11,Nontidal
POR2,WSP2,84,20,Nontidal,12,Nontidal
PR,AC,159.3,2,Nontidal,16,Nontidal
PR,AL,340.5,2,Nontidal,33,Tidal
PR,BB_A,318,2,Nontidal,29,Tidal
PR,BB_B,316.9,2,Nontidal,30,Tidal
PR,BWK1,184.2,2,Nontidal,17,Nontidal
PR,BWK2,183.9,2,Nontidal,18,Nontidal
PR,EF,221.2,2,Nontidal,23,Nontidal
PR,FMC1,36.3,2,Nontidal,3,Nontidal
PR,FMC2,37.1,2,Nontidal,4,Nontidal
PR,GM,307.2,2,Nontidal,28,Tidal
PR,GWP,291.2,2,Nontidal,25,Tidal
PR,HCK1,64,2,Nontidal,7,Nontidal
PR,HCK2,64.5,2,Nontidal,8,Nontidal
PR,LC,77.5,2,Nontidal,9,Nontidal
PR,LSP,319.5,2,Nontidal,31,Tidal
PR,MF,88,2,Nontidal,10,Nontidal
PR,MWC,320,2,Nontidal,32,Tidal
PR,NC,362.9,2,Nontidal,34,Tidal
PR,OJ,124.9,2,Nontidal,13,Nontidal
PR,PB,305.6,2,Nontidal,27,Tidal
PR,PL,240.1,2,Nontidal,24,Nontidal
PR,POR1,193.5,2,Nontidal,19,Nontidal
PR,POR2,193.9,2,Nontidal,20,Nontidal
PR,PTR_A,369.9,2,Nontidal,35,Tidal
PR,PTR_B,368.5,2,Nontidal,36,Tidal
PR,SHC,44.7,2,Nontidal,5,Nontidal
PR,SJR,54.4,2,Nontidal,6,Nontidal
PR,SL,147.5,2,Nontidal,15,Nontidal
PR,SWP,299.4,2,Nontidal,26,Tidal
PR,TC,8.8,2,Nontidal,1,Nontidal
PR,TL,140.8,2,Nontidal,14,Nontidal
PR,WF1,213.5,2,Nontidal,22,Nontidal
PR,WF2,213.4,2,Nontidal,21,Nontidal
PR,WSP1,109.9,2,Nontidal,11,Nontidal
PR,WSP2,110.1,2,Nontidal,12,Nontidal
PTR_A,AC,210.6,35,Tidal,16,Nontidal
PTR_A,AL,36.2,35,Tidal,33,Tidal
PTR_A,BB_A,62.7,35,Tidal,29,Tidal
PTR_A,BB_B,61.7,35,Tidal,30,Tidal
PTR_A,BWK1,185.8,35,Tidal,17,Nontidal
PTR_A,BWK2,186.1,35,Tidal,18,Nontidal
PTR_A,EF,148.9,35,Tidal,23,Nontidal
PTR_A,FMC1,333.6,35,Tidal,3,Nontidal
PTR_A,FMC2,332.9,35,Tidal,4,Nontidal
PTR_A,GM,63,35,Tidal,28,Tidal
PTR_A,GWP,78.7,35,Tidal,25,Tidal
PTR_A,HCK1,306,35,Tidal,7,Nontidal
PTR_A,HCK2,305.4,35,Tidal,8,Nontidal
PTR_A,LC,292.5,35,Tidal,9,Nontidal
PTR_A,LSP,53.5,35,Tidal,31,Tidal
PTR_A,MF,282,35,Tidal,10,Nontidal
PTR_A,MWC,56.4,35,Tidal,32,Tidal
PTR_A,NC,22.2,35,Tidal,34,Tidal
PTR_A,OJ,245,35,Tidal,13,Nontidal
PTR_A,PB,70.1,35,Tidal,27,Tidal
PTR_A,PL,130.2,35,Tidal,24,Nontidal
PTR_A,POR1,176.4,35,Tidal,19,Nontidal
PTR_A,POR2,176,35,Tidal,20,Nontidal
PTR_A,PR,369.9,35,Tidal,2,Nontidal
PTR_A,PTR_B,1.4,35,Tidal,36,Tidal
PTR_A,SHC,325.2,35,Tidal,5,Nontidal
PTR_A,SJR,315.5,35,Tidal,6,Nontidal
PTR_A,SL,222.6,35,Tidal,15,Nontidal
PTR_A,SWP,70.5,35,Tidal,26,Tidal
PTR_A,TC,378.7,35,Tidal,1,Nontidal
PTR_A,TL,229.2,35,Tidal,14,Nontidal
PTR_A,WF1,156.5,35,Tidal,22,Nontidal
PTR_A,WF2,156.6,35,Tidal,21,Nontidal
PTR_A,WSP1,260.2,35,Tidal,11,Nontidal
PTR_A,WSP2,260,35,Tidal,12,Nontidal
PTR_B,AC,209.2,36,Tidal,16,Nontidal
PTR_B,AL,34.7,36,Tidal,33,Tidal
PTR_B,BB_A,61.3,36,Tidal,29,Tidal
PTR_B,BB_B,60.3,36,Tidal,30,Tidal
PTR_B,BWK1,184.3,36,Tidal,17,Nontidal
PTR_B,BWK2,184.6,36,Tidal,18,Nontidal
PTR_B,EF,147.5,36,Tidal,23,Nontidal
PTR_B,FMC1,332.2,36,Tidal,3,Nontidal
PTR_B,FMC2,331.5,36,Tidal,4,Nontidal
PTR_B,GM,61.6,36,Tidal,28,Tidal
PTR_B,GWP,77.3,36,Tidal,25,Tidal
PTR_B,HCK1,304.5,36,Tidal,7,Nontidal
PTR_B,HCK2,304,36,Tidal,8,Nontidal
PTR_B,LC,291.1,36,Tidal,9,Nontidal
PTR_B,LSP,52.1,36,Tidal,31,Tidal
PTR_B,MF,280.6,36,Tidal,10,Nontidal
PTR_B,MWC,55,36,Tidal,32,Tidal
PTR_B,NC,20.8,36,Tidal,34,Tidal
PTR_B,OJ,243.6,36,Tidal,13,Nontidal
PTR_B,PB,68.7,36,Tidal,27,Tidal
PTR_B,PL,128.8,36,Tidal,24,Nontidal
PTR_B,POR1,175,36,Tidal,19,Nontidal
PTR_B,POR2,174.6,36,Tidal,20,Nontidal
PTR_B,PR,368.5,36,Tidal,2,Nontidal
PTR_B,PTR_A,1.4,36,Tidal,35,Tidal
PTR_B,SHC,323.8,36,Tidal,5,Nontidal
PTR_B,SJR,314.1,36,Tidal,6,Nontidal
PTR_B,SL,221.1,36,Tidal,15,Nontidal
PTR_B,SWP,69.1,36,Tidal,26,Tidal
PTR_B,TC,377.3,36,Tidal,1,Nontidal
PTR_B,TL,227.8,36,Tidal,14,Nontidal
PTR_B,WF1,155.1,36,Tidal,22,Nontidal
PTR_B,WF2,155.1,36,Tidal,21,Nontidal
PTR_B,WSP1,258.8,36,Tidal,11,Nontidal
PTR_B,WSP2,258.6,36,Tidal,12,Nontidal
SHC,AC,114.6,5,Nontidal,16,Nontidal
SHC,AL,295.7,5,Nontidal,33,Tidal
SHC,BB_A,273.2,5,Nontidal,29,Tidal
SHC,BB_B,272.2,5,Nontidal,30,Tidal
SHC,BWK1,139.4,5,Nontidal,17,Nontidal
SHC,BWK2,139.2,5,Nontidal,18,Nontidal
SHC,EF,176.5,5,Nontidal,23,Nontidal
SHC,FMC1,8.4,5,Nontidal,3,Nontidal
SHC,FMC2,7.7,5,Nontidal,4,Nontidal
SHC,GM,262.5,5,Nontidal,28,Tidal
SHC,GWP,246.5,5,Nontidal,25,Tidal
SHC,HCK1,19.3,5,Nontidal,7,Nontidal
SHC,HCK2,19.8,5,Nontidal,8,Nontidal
SHC,LC,32.7,5,Nontidal,9,Nontidal
SHC,LSP,274.8,5,Nontidal,31,Tidal
SHC,MF,43.2,5,Nontidal,10,Nontidal
SHC,MWC,275.3,5,Nontidal,32,Tidal
SHC,NC,318.2,5,Nontidal,34,Tidal
SHC,OJ,80.2,5,Nontidal,13,Nontidal
SHC,PB,260.9,5,Nontidal,27,Tidal
SHC,PL,195.4,5,Nontidal,24,Nontidal
SHC,POR1,148.8,5,Nontidal,19,Nontidal
SHC,POR2,149.2,5,Nontidal,20,Nontidal
SHC,PR,44.7,5,Nontidal,2,Nontidal
SHC,PTR_A,325.2,5,Nontidal,35,Tidal
SHC,PTR_B,323.8,5,Nontidal,36,Tidal
SHC,SJR,9.7,5,Nontidal,6,Nontidal
SHC,SL,102.7,5,Nontidal,15,Nontidal
SHC,SWP,254.7,5,Nontidal,26,Tidal
SHC,TC,53.5,5,Nontidal,1,Nontidal
SHC,TL,96.1,5,Nontidal,14,Nontidal
SHC,WF1,168.7,5,Nontidal,22,Nontidal
SHC,WF2,168.6,5,Nontidal,21,Nontidal
SHC,WSP1,65.2,5,Nontidal,11,Nontidal
SHC,WSP2,65.3,5,Nontidal,12,Nontidal
SJR,AC,104.9,6,Nontidal,16,Nontidal
SJR,AL,286.1,6,Nontidal,33,Tidal
SJR,BB_A,263.6,6,Nontidal,29,Tidal
SJR,BB_B,262.5,6,Nontidal,30,Tidal
SJR,BWK1,129.8,6,Nontidal,17,Nontidal
SJR,BWK2,129.5,6,Nontidal,18,Nontidal
SJR,EF,166.8,6,Nontidal,23,Nontidal
SJR,FMC1,18.2,6,Nontidal,3,Nontidal
SJR,FMC2,17.4,6,Nontidal,4,Nontidal
SJR,GM,252.8,6,Nontidal,28,Tidal
SJR,GWP,236.8,6,Nontidal,25,Tidal
SJR,HCK1,9.6,6,Nontidal,7,Nontidal
SJR,HCK2,10.1,6,Nontidal,8,Nontidal
SJR,LC,23.1,6,Nontidal,9,Nontidal
SJR,LSP,265.1,6,Nontidal,31,Tidal
SJR,MF,33.6,6,Nontidal,10,Nontidal
SJR,MWC,265.7,6,Nontidal,32,Tidal
SJR,NC,308.5,6,Nontidal,34,Tidal
SJR,OJ,70.5,6,Nontidal,13,Nontidal
SJR,PB,251.2,6,Nontidal,27,Tidal
SJR,PL,185.7,6,Nontidal,24,Nontidal
SJR,POR1,139.1,6,Nontidal,19,Nontidal
SJR,POR2,139.5,6,Nontidal,20,Nontidal
SJR,PR,54.4,6,Nontidal,2,Nontidal
SJR,PTR_A,315.5,6,Nontidal,35,Tidal
SJR,PTR_B,314.1,6,Nontidal,36,Tidal
SJR,SHC,9.7,6,Nontidal,5,Nontidal
SJR,SL,93.1,6,Nontidal,15,Nontidal
SJR,SWP,245,6,Nontidal,26,Tidal
SJR,TC,63.2,6,Nontidal,1,Nontidal
SJR,TL,86.5,6,Nontidal,14,Nontidal
SJR,WF1,159.1,6,Nontidal,22,Nontidal
SJR,WF2,159,6,Nontidal,21,Nontidal
SJR,WSP1,55.5,6,Nontidal,11,Nontidal
SJR,WSP2,55.7,6,Nontidal,12,Nontidal
SL,AC,11.9,15,Nontidal,16,Nontidal
SL,AL,193.1,15,Nontidal,33,Tidal
SL,BB_A,170.6,15,Nontidal,29,Tidal
SL,BB_B,169.5,15,Nontidal,30,Tidal
SL,BWK1,36.8,15,Nontidal,17,Nontidal
SL,BWK2,36.5,15,Nontidal,18,Nontidal
SL,EF,73.9,15,Nontidal,23,Nontidal
SL,FMC1,111.2,15,Nontidal,3,Nontidal
SL,FMC2,110.5,15,Nontidal,4,Nontidal
SL,GM,159.8,15,Nontidal,28,Tidal
SL,GWP,143.8,15,Nontidal,25,Tidal
SL,HCK1,83.5,15,Nontidal,7,Nontidal
SL,HCK2,83,15,Nontidal,8,Nontidal
SL,LC,70,15,Nontidal,9,Nontidal
SL,LSP,172.1,15,Nontidal,31,Tidal
SL,MF,59.5,15,Nontidal,10,Nontidal
SL,MWC,172.7,15,Nontidal,32,Tidal
SL,NC,215.5,15,Nontidal,34,Tidal
SL,OJ,22.6,15,Nontidal,13,Nontidal
SL,PB,158.2,15,Nontidal,27,Tidal
SL,PL,92.8,15,Nontidal,24,Nontidal
SL,POR1,46.1,15,Nontidal,19,Nontidal
SL,POR2,46.5,15,Nontidal,20,Nontidal
SL,PR,147.5,15,Nontidal,2,Nontidal
SL,PTR_A,222.6,15,Nontidal,35,Tidal
SL,PTR_B,221.1,15,Nontidal,36,Tidal
SL,SHC,102.7,15,Nontidal,5,Nontidal
SL,SJR,93.1,15,Nontidal,6,Nontidal
SL,SWP,152,15,Nontidal,26,Tidal
SL,TC,156.2,15,Nontidal,1,Nontidal
SL,TL,6.7,15,Nontidal,14,Nontidal
SL,WF1,66.1,15,Nontidal,22,Nontidal
SL,WF2,66,15,Nontidal,21,Nontidal
SL,WSP1,37.7,15,Nontidal,11,Nontidal
SL,WSP2,37.5,15,Nontidal,12,Nontidal
SWP,AC,140.1,26,Tidal,16,Nontidal
SWP,AL,41.1,26,Tidal,33,Tidal
SWP,BB_A,18.6,26,Tidal,29,Tidal
SWP,BB_B,17.5,26,Tidal,30,Tidal
SWP,BWK1,115.2,26,Tidal,17,Nontidal
SWP,BWK2,115.5,26,Tidal,18,Nontidal
SWP,EF,78.4,26,Tidal,23,Nontidal
SWP,FMC1,263.1,26,Tidal,3,Nontidal
SWP,FMC2,262.4,26,Tidal,4,Nontidal
SWP,GM,7.8,26,Tidal,28,Tidal
SWP,GWP,8.2,26,Tidal,25,Tidal
SWP,HCK1,235.4,26,Tidal,7,Nontidal
SWP,HCK2,234.9,26,Tidal,8,Nontidal
SWP,LC,221.9,26,Tidal,9,Nontidal
SWP,LSP,20.1,26,Tidal,31,Tidal
SWP,MF,211.5,26,Tidal,10,Nontidal
SWP,MWC,20.7,26,Tidal,32,Tidal
SWP,NC,63.5,26,Tidal,34,Tidal
SWP,OJ,174.5,26,Tidal,13,Nontidal
SWP,PB,6.2,26,Tidal,27,Tidal
SWP,PL,59.6,26,Tidal,24,Nontidal
SWP,POR1,105.9,26,Tidal,19,Nontidal
SWP,POR2,105.5,26,Tidal,20,Nontidal
SWP,PR,299.4,26,Tidal,2,Nontidal
SWP,PTR_A,70.5,26,Tidal,35,Tidal
SWP,PTR_B,69.1,26,Tidal,36,Tidal
SWP,SHC,254.7,26,Tidal,5,Nontidal
SWP,SJR,245,26,Tidal,6,Nontidal
SWP,SL,152,26,Tidal,15,Nontidal
SWP,TC,308.1,26,Tidal,1,Nontidal
SWP,TL,158.6,26,Tidal,14,Nontidal
SWP,WF1,85.9,26,Tidal,22,Nontidal
SWP,WF2,86,26,Tidal,21,Nontidal
SWP,WSP1,189.7,26,Tidal,11,Nontidal
SWP,WSP2,189.5,26,Tidal,12,Nontidal
TC,AC,168.1,1,Nontidal,16,Nontidal
TC,AL,349.2,1,Nontidal,33,Tidal
TC,BB_A,326.7,1,Nontidal,29,Tidal
TC,BB_B,325.7,1,Nontidal,30,Tidal
TC,BWK1,192.9,1,Nontidal,17,Nontidal
TC,BWK2,192.6,1,Nontidal,18,Nontidal
TC,EF,230,1,Nontidal,23,Nontidal
TC,FMC1,45,1,Nontidal,3,Nontidal
TC,FMC2,45.8,1,Nontidal,4,Nontidal
TC,GM,315.9,1,Nontidal,28,Tidal
TC,GWP,300,1,Nontidal,25,Tidal
TC,HCK1,72.8,1,Nontidal,7,Nontidal
TC,HCK2,73.3,1,Nontidal,8,Nontidal
TC,LC,86.2,1,Nontidal,9,Nontidal
TC,LSP,328.3,1,Nontidal,31,Tidal
TC,MF,96.7,1,Nontidal,10,Nontidal
TC,MWC,328.8,1,Nontidal,32,Tidal
TC,NC,371.7,1,Nontidal,34,Tidal
TC,OJ,133.6,1,Nontidal,13,Nontidal
TC,PB,314.4,1,Nontidal,27,Tidal
TC,PL,248.9,1,Nontidal,24,Nontidal
TC,POR1,202.3,1,Nontidal,19,Nontidal
TC,POR2,202.7,1,Nontidal,20,Nontidal
TC,PR,8.8,1,Nontidal,2,Nontidal
TC,PTR_A,378.7,1,Nontidal,35,Tidal
TC,PTR_B,377.3,1,Nontidal,36,Tidal
TC,SHC,53.5,1,Nontidal,5,Nontidal
TC,SJR,63.2,1,Nontidal,6,Nontidal
TC,SL,156.2,1,Nontidal,15,Nontidal
TC,SWP,308.1,1,Nontidal,26,Tidal
TC,TL,149.6,1,Nontidal,14,Nontidal
TC,WF1,222.2,1,Nontidal,22,Nontidal
TC,WF2,222.1,1,Nontidal,21,Nontidal
TC,WSP1,118.7,1,Nontidal,11,Nontidal
TC,WSP2,118.8,1,Nontidal,12,Nontidal
TL,AC,18.5,14,Nontidal,16,Nontidal
TL,AL,199.7,14,Nontidal,33,Tidal
TL,BB_A,177.2,14,Nontidal,29,Tidal
TL,BB_B,176.2,14,Nontidal,30,Tidal
TL,BWK1,43.4,14,Nontidal,17,Nontidal
TL,BWK2,43.1,14,Nontidal,18,Nontidal
TL,EF,80.5,14,Nontidal,23,Nontidal
TL,FMC1,104.6,14,Nontidal,3,Nontidal
TL,FMC2,103.8,14,Nontidal,4,Nontidal
TL,GM,166.4,14,Nontidal,28,Tidal
TL,GWP,150.5,14,Nontidal,25,Tidal
TL,HCK1,76.9,14,Nontidal,7,Nontidal
TL,HCK2,76.3,14,Nontidal,8,Nontidal
TL,LC,63.4,14,Nontidal,9,Nontidal
TL,LSP,178.7,14,Nontidal,31,Tidal
TL,MF,52.9,14,Nontidal,10,Nontidal
TL,MWC,179.3,14,Nontidal,32,Tidal
TL,NC,222.2,14,Nontidal,34,Tidal
TL,OJ,16,14,Nontidal,13,Nontidal
TL,PB,164.9,14,Nontidal,27,Tidal
TL,PL,99.4,14,Nontidal,24,Nontidal
TL,POR1,52.7,14,Nontidal,19,Nontidal
TL,POR2,53.1,14,Nontidal,20,Nontidal
TL,PR,140.8,14,Nontidal,2,Nontidal
TL,PTR_A,229.2,14,Nontidal,35,Tidal
TL,PTR_B,227.8,14,Nontidal,36,Tidal
TL,SHC,96.1,14,Nontidal,5,Nontidal
TL,SJR,86.5,14,Nontidal,6,Nontidal
TL,SL,6.7,14,Nontidal,15,Nontidal
TL,SWP,158.6,14,Nontidal,26,Tidal
TL,TC,149.6,14,Nontidal,1,Nontidal
TL,WF1,72.7,14,Nontidal,22,Nontidal
TL,WF2,72.6,14,Nontidal,21,Nontidal
TL,WSP1,31.1,14,Nontidal,11,Nontidal
TL,WSP2,30.9,14,Nontidal,12,Nontidal
WF1,AC,54.2,22,Nontidal,16,Nontidal
WF1,AL,127,22,Nontidal,33,Tidal
WF1,BB_A,104.5,22,Nontidal,29,Tidal
WF1,BB_B,103.5,22,Nontidal,30,Tidal
WF1,BWK1,29.3,22,Nontidal,17,Nontidal
WF1,BWK2,29.6,22,Nontidal,18,Nontidal
WF1,EF,7.8,22,Nontidal,23,Nontidal
WF1,FMC1,177.2,22,Nontidal,3,Nontidal
WF1,FMC2,176.5,22,Nontidal,4,Nontidal
WF1,GM,93.7,22,Nontidal,28,Tidal
WF1,GWP,77.8,22,Nontidal,25,Tidal
WF1,HCK1,149.5,22,Nontidal,7,Nontidal
WF1,HCK2,149,22,Nontidal,8,Nontidal
WF1,LC,136,22,Nontidal,9,Nontidal
WF1,LSP,106,22,Nontidal,31,Tidal
WF1,MF,125.5,22,Nontidal,10,Nontidal
WF1,MWC,106.6,22,Nontidal,32,Tidal
WF1,NC,149.5,22,Nontidal,34,Tidal
WF1,OJ,88.6,22,Nontidal,13,Nontidal
WF1,PB,92.2,22,Nontidal,27,Tidal
WF1,PL,26.7,22,Nontidal,24,Nontidal
WF1,POR1,20,22,Nontidal,19,Nontidal
WF1,POR2,19.5,22,Nontidal,20,Nontidal
WF1,PR,213.5,22,Nontidal,2,Nontidal
WF1,PTR_A,156.5,22,Nontidal,35,Tidal
WF1,PTR_B,155.1,22,Nontidal,36,Tidal
WF1,SHC,168.7,22,Nontidal,5,Nontidal
WF1,SJR,159.1,22,Nontidal,6,Nontidal
WF1,SL,66.1,22,Nontidal,15,Nontidal
WF1,SWP,85.9,22,Nontidal,26,Tidal
WF1,TC,222.2,22,Nontidal,1,Nontidal
WF1,TL,72.7,22,Nontidal,14,Nontidal
WF1,WF2,0.1,22,Nontidal,21,Nontidal
WF1,WSP1,103.7,22,Nontidal,11,Nontidal
WF1,WSP2,103.5,22,Nontidal,12,Nontidal
WF2,AC,54.1,21,Nontidal,16,Nontidal
WF2,AL,127.1,21,Nontidal,33,Tidal
WF2,BB_A,104.6,21,Nontidal,29,Tidal
WF2,BB_B,103.5,21,Nontidal,30,Tidal
WF2,BWK1,29.2,21,Nontidal,17,Nontidal
WF2,BWK2,29.5,21,Nontidal,18,Nontidal
WF2,EF,7.9,21,Nontidal,23,Nontidal
WF2,FMC1,177.1,21,Nontidal,3,Nontidal
WF2,FMC2,176.4,21,Nontidal,4,Nontidal
WF2,GM,93.8,21,Nontidal,28,Tidal
WF2,GWP,77.9,21,Nontidal,25,Tidal
WF2,HCK1,149.4,21,Nontidal,7,Nontidal
WF2,HCK2,148.9,21,Nontidal,8,Nontidal
WF2,LC,135.9,21,Nontidal,9,Nontidal
WF2,LSP,106.1,21,Nontidal,31,Tidal
WF2,MF,125.4,21,Nontidal,10,Nontidal
WF2,MWC,106.7,21,Nontidal,32,Tidal
WF2,NC,149.6,21,Nontidal,34,Tidal
WF2,OJ,88.5,21,Nontidal,13,Nontidal
WF2,PB,92.2,21,Nontidal,27,Tidal
WF2,PL,26.8,21,Nontidal,24,Nontidal
WF2,POR1,19.9,21,Nontidal,19,Nontidal
WF2,POR2,19.5,21,Nontidal,20,Nontidal
WF2,PR,213.4,21,Nontidal,2,Nontidal
WF2,PTR_A,156.6,21,Nontidal,35,Tidal
WF2,PTR_B,155.1,21,Nontidal,36,Tidal
WF2,SHC,168.6,21,Nontidal,5,Nontidal
WF2,SJR,159,21,Nontidal,6,Nontidal
WF2,SL,66,21,Nontidal,15,Nontidal
WF2,SWP,86,21,Nontidal,26,Tidal
WF2,TC,222.1,21,Nontidal,1,Nontidal
WF2,TL,72.6,21,Nontidal,14,Nontidal
WF2,WF1,0.1,21,Nontidal,22,Nontidal
WF2,WSP1,103.6,21,Nontidal,11,Nontidal
WF2,WSP2,103.4,21,Nontidal,12,Nontidal
WSP1,AC,49.6,11,Nontidal,16,Nontidal
WSP1,AL,230.7,11,Nontidal,33,Tidal
WSP1,BB_A,208.2,11,Nontidal,29,Tidal
WSP1,BB_B,207.2,11,Nontidal,30,Tidal
WSP1,BWK1,74.4,11,Nontidal,17,Nontidal
WSP1,BWK2,74.1,11,Nontidal,18,Nontidal
WSP1,EF,111.5,11,Nontidal,23,Nontidal
WSP1,FMC1,73.6,11,Nontidal,3,Nontidal
WSP1,FMC2,72.9,11,Nontidal,4,Nontidal
WSP1,GM,197.5,11,Nontidal,28,Tidal
WSP1,GWP,181.5,11,Nontidal,25,Tidal
WSP1,HCK1,45.9,11,Nontidal,7,Nontidal
WSP1,HCK2,45.4,11,Nontidal,8,Nontidal
WSP1,LC,32.4,11,Nontidal,9,Nontidal
WSP1,LSP,209.8,11,Nontidal,31,Tidal
WSP1,MF,22,11,Nontidal,10,Nontidal
WSP1,MWC,210.3,11,Nontidal,32,Tidal
WSP1,NC,253.2,11,Nontidal,34,Tidal
WSP1,OJ,15.1,11,Nontidal,13,Nontidal
WSP1,PB,195.9,11,Nontidal,27,Tidal
WSP1,PL,130.4,11,Nontidal,24,Nontidal
WSP1,POR1,83.8,11,Nontidal,19,Nontidal
WSP1,POR2,84.2,11,Nontidal,20,Nontidal
WSP1,PR,109.9,11,Nontidal,2,Nontidal
WSP1,PTR_A,260.2,11,Nontidal,35,Tidal
WSP1,PTR_B,258.8,11,Nontidal,36,Tidal
WSP1,SHC,65.2,11,Nontidal,5,Nontidal
WSP1,SJR,55.5,11,Nontidal,6,Nontidal
WSP1,SL,37.7,11,Nontidal,15,Nontidal
WSP1,SWP,189.7,11,Nontidal,26,Tidal
WSP1,TC,118.7,11,Nontidal,1,Nontidal
WSP1,TL,31.1,11,Nontidal,14,Nontidal
WSP1,WF1,103.7,11,Nontidal,22,Nontidal
WSP1,WF2,103.6,11,Nontidal,21,Nontidal
WSP1,WSP2,0.2,11,Nontidal,12,Nontidal
WSP2,AC,49.4,12,Nontidal,16,Nontidal
WSP2,AL,230.5,12,Nontidal,33,Tidal
WSP2,BB_A,208.1,12,Nontidal,29,Tidal
WSP2,BB_B,207,12,Nontidal,30,Tidal
WSP2,BWK1,74.3,12,Nontidal,17,Nontidal
WSP2,BWK2,74,12,Nontidal,18,Nontidal
WSP2,EF,111.3,12,Nontidal,23,Nontidal
WSP2,FMC1,73.8,12,Nontidal,3,Nontidal
WSP2,FMC2,73.1,12,Nontidal,4,Nontidal
WSP2,GM,197.3,12,Nontidal,28,Tidal
WSP2,GWP,181.3,12,Nontidal,25,Tidal
WSP2,HCK1,46.1,12,Nontidal,7,Nontidal
WSP2,HCK2,45.6,12,Nontidal,8,Nontidal
WSP2,LC,32.6,12,Nontidal,9,Nontidal
WSP2,LSP,209.6,12,Nontidal,31,Tidal
WSP2,MF,22.1,12,Nontidal,10,Nontidal
WSP2,MWC,210.1,12,Nontidal,32,Tidal
WSP2,NC,253,12,Nontidal,34,Tidal
WSP2,OJ,15,12,Nontidal,13,Nontidal
WSP2,PB,195.7,12,Nontidal,27,Tidal
WSP2,PL,130.2,12,Nontidal,24,Nontidal
WSP2,POR1,83.6,12,Nontidal,19,Nontidal
WSP2,POR2,84,12,Nontidal,20,Nontidal
WSP2,PR,110.1,12,Nontidal,2,Nontidal
WSP2,PTR_A,260,12,Nontidal,35,Tidal
WSP2,PTR_B,258.6,12,Nontidal,36,Tidal
WSP2,SHC,65.3,12,Nontidal,5,Nontidal
WSP2,SJR,55.7,12,Nontidal,6,Nontidal
WSP2,SL,37.5,12,Nontidal,15,Nontidal
WSP2,SWP,189.5,12,Nontidal,26,Tidal
WSP2,TC,118.8,12,Nontidal,1,Nontidal
WSP2,TL,30.9,12,Nontidal,14,Nontidal
WSP2,WF1,103.5,12,Nontidal,22,Nontidal
WSP2,WF2,103.4,12,Nontidal,21,Nontidal
WSP2,WSP1,0.2,12,Nontidal,11,Nontidal
